"legid","Term","FirstName","LastName","Age","Hometown","Qualifier","OccupationSlovak","Party","PartyName","PartyVote","PartyPrefVotes","PartySeats","PrefVotes","InitialRank","FinalRank","RankDifference","ClearedThresh","InitialTop4","MovedToSafe","MovedUp","GearysC","Discipline","things.sponsored","bills.sponsored","amend.sponsored","mean.bill.cosp","mean.amend.cosp","unique.bill.cosp","unique.amend.cosp","RiceOrdinary","RiceDesposato","RollRate","Party_next","PartyName_next","PartyVote_next","PartyPrefVotes_next","PartySeats_next","PrefVotes_next","InitialRank_next","FinalRank_next","RankDifference_next","ClearedThresh_next","InitialTop4_next","MovedToSafe_next","MovedUp_next","GearysC_next","Retired","Switched","TitlesNumber"
11,2002,"Gyula","Bárdos",44,"","0","pedagóg",11,"SMK",321069,789916,20,47910,3,3,0,1,1,0,0,0.4137247,0.977769936485533,20,20,0,5.95,0,36,0,0.742781749562763,0.785533373686545,0.0127028934368384,10,"SMK",269111,791726,20,43436,3,4,-1,1,1,0,0,0.7393304,0,0,1
11,2006,"Gyula","Bárdos",48,"Senec","","pedagóg",10,"SMK",269111,791726,20,43436,3,4,-1,1,1,0,0,0.7393304,0.960224190923884,14,11,3,15.7272727272727,8.5,63,16,0.765804857470017,0.765804857470017,0.255107575483638,7,"SMK",109638,309527,0,21943,2,3,-1,1,1,0,0,1.038498,0,0,0
13,2006,"Rudolf","Bauer",48,"Košice","RNDr.","programový manažér, analytik",6,"KDH",191443,485752,14,9867,6,7,-1,1,0,0,0,0.5506389,0.84071596456337,32,26,6,5.53846153846154,6.4,54,25,0.723919725185319,0.723919725185319,0.287470620141023,,,,,,,,,,,,,,,1,,1
14,2002,"Irena","Belohorská",54,"","MUDr.","poslankyna/lek",6,"HZDS",560691,1310310,35,31942,30,29,1,0,0,0,1,0.2174434,0.57939308398024,0,0,0,0,0,0,0,0.432486473770877,0.627355601968387,0.167254763585039,,,,,,,,,,,,,,,1,,1
19,2002,"Jozef","Brhel",41,"","Ing.","poslanec /economist",6,"HZDS",560691,1310310,35,1392,25,24,1,0,0,0,1,0.0966227,0.495589273112209,1,1,0,10,0,10,0,0.432486473770877,0.627355601968387,0.167254763585039,,,,,,,,,,,,,,,1,,1
21,2002,"Július","Brocka",45,"","Ing.","poslanec /polit",12,"KDH",237202,523559,15,24421,5,6,-1,1,0,0,0,0.2591779,0.923959068454481,20,6,14,9.83333333333333,3.33333333333333,27,21,0.557734314615049,0.673197903014417,0.0206422018348624,6,"KDH",191443,485752,14,24932,4,5,-1,1,1,0,0,0.3637318,0,0,1
21,2006,"Július","Brocka",49,"Križovany nad Dudváhom","Ing.","poslanec NR SR",6,"KDH",191443,485752,14,24932,4,5,-1,1,1,0,0,0.3637318,0.891701319833665,46,42,4,6.11904761904762,4.5,60,17,0.723919725185319,0.723919725185319,0.287470620141023,13,"KDH",215755,518170,15,26581,4,4,0,1,1,0,0,1.554937,0,0,1
23,2002,"Béla","Bugár",44,"","Ing.","strojný inžinier",11,"SMK",321069,789916,20,205092,1,1,0,1,1,0,0,0.3625959,0.957657021877205,0,0,0,0,0,0,0,0.742781749562763,0.785533373686545,0.0127028934368384,10,"SMK",269111,791726,20,179237,1,1,0,1,1,0,0,0.8260953,0,0,1
23,2006,"Béla","Bugár",47,"Šamorín","Ing.","strojný inžinier",10,"SMK",269111,791726,20,179237,1,1,0,1,1,0,0,0.8260953,0.922617971433737,4,4,0,27.25,0,59,0,0.765804857470017,0.765804857470017,0.255107575483638,18,"MOST-HÍD",205538,506726,14,137905,1,1,0,1,1,0,0,1.036284,0,1,1
24,2002,"Tibor","Cabaj",48,"","0","poslanec /economist",6,"HZDS",560691,1310310,35,18407,20,20,0,0,0,0,0,0.3460756,0.81757233592096,81,16,65,4.375,7.46666666666667,36,63,0.432486473770877,0.627355601968387,0.167254763585039,14,"HZDS",202540,527450,15,16412,15,6,9,1,0,0,1,0.4171664,0,0,1
24,2006,"Tibor","Cabaj",52,"Kuzmice","Bc.","poslanec NR SR",14,"HZDS",202540,527450,15,16412,15,6,9,1,0,0,1,0.4171664,0.954800216958959,5,3,2,2,1,6,2,0.674177363948653,0.674177363948653,0.0142831314409691,8,"HZDS",109480,236360,0,23733,2,2,0,1,1,0,0,1.453065,0,0,1
25,2002,"Milan","Cagala",53,"","Ing., CS","poslanec /technik",6,"HZDS",560691,1310310,35,3127,34,33,1,0,0,0,1,0.3235559,0.758645024700071,18,10,8,3.1,10.8,19,43,0.432486473770877,0.627355601968387,0.167254763585039,,,,,,,,,,,,,,,1,,2
26,2002,"Ján","Cuper",55,"","doc., JU","poslanec /academic",6,"HZDS",560691,1310310,35,23443,42,41,1,0,0,0,1,0.2025762,0.651552575864502,12,8,4,5.75,30,16,30,0.432486473770877,0.627355601968387,0.167254763585039,,,,,,,,,,,,,,,1,,2
29,2002,"Erzsébet","Dolník",62,"","0","pedagóg",11,"SMK",321069,789916,20,5585,20,21,-1,0,0,0,0,0.4710617,0.988532110091743,24,1,23,3,3.25,3,11,0.742781749562763,0.785533373686545,0.0127028934368384,,,,,,,,,,,,,,,1,,1
32,2002,"Árpád","Duka-Zólyomi",61,"","Ing.","jadrový fyzik",11,"SMK",321069,789916,20,36432,23,4,19,1,0,1,1,0.4071954,0.616443189837685,0,0,0,0,0,0,0,0.742781749562763,0.785533373686545,0.0127028934368384,,,,,,,,,,,,,,,1,,1
33,2002,"Miklós","Duray",57,"","RNDr.","geológ",11,"SMK",321069,789916,20,34073,9,5,4,1,0,0,1,0.4207355,0.815984474241355,0,0,0,0,0,0,0,0.742781749562763,0.785533373686545,0.0127028934368384,10,"SMK",269111,791726,20,35954,4,5,-1,1,1,0,0,0.7430416,0,0,1
33,2006,"Miklós","Duray",60,"Bratislava","RNDr.","geológ",10,"SMK",269111,791726,20,35954,4,5,-1,1,1,0,0,0.7430416,0.870005423973965,5,5,0,29.6,0,60,0,0.765804857470017,0.765804857470017,0.255107575483638,7,"SMK",109638,309527,0,13171,6,5,1,1,0,0,1,1.035892,0,0,1
36,2006,"Vladimír","Faič",57,"Prašice","","manažér",19,"Smer",671185,1440267,50,1588,31,31,0,0,0,0,0,0.3681208,0.942505875971795,0,0,0,0,0,0,0,0.872653599498017,0.872653599498017,0.00198879045380582,17,"Smer",880111,1919262,62,2664,15,15,0,0,0,0,0,0.9965043,0,0,0
37,2002,"Pál","Farkas",49,"","Ing.","ekonóm",11,"SMK",321069,789916,20,10509,5,7,-2,0,0,0,0,0.409182,0.943895553987297,19,2,17,8,9.08333333333333,16,61,0.742781749562763,0.785533373686545,0.0127028934368384,,,,,,,,,,,,,,,1,,1
40,2002,"Robert","Fico",37,"","doc., JU","poslanec /lawyer",5,"Smer",387100,673096,25,218530,1,1,0,1,1,0,0,0.1644447,0.788814396612562,44,25,19,3.56,4.91666666666667,34,47,0.683028829817821,0.756230308806173,0.111326746647848,19,"Smer",671185,1440267,50,443230,1,1,0,1,1,0,0,0.5995791,0,0,2
40,2006,"Robert","Fico",41,"Bratislava","doc., JUDr., CSc.","poslanec NR SR",19,"Smer",671185,1440267,50,443230,1,1,0,1,1,0,0,0.5995791,1,0,0,0,0,0,0,0,0.872653599498017,0.872653599498017,0.00198879045380582,17,"Smer",880111,1919262,62,569921,1,1,0,1,1,0,0,1.594534,0,0,3
41,2002,"Ján","Gabriel",46,"","Ing.","poslanec /inz",6,"HZDS",560691,1310310,35,5183,12,12,0,0,0,0,0,0.3051882,0.665314043754411,2,2,0,7.5,0,14,0,0.432486473770877,0.627355601968387,0.167254763585039,,,,,,,,,,,,,,,1,,1
43,2002,"Milan","Gala",49,"","MUDr.","stomatológ",2,"SDKÚ",433953,869811,28,4574,7,7,0,0,0,0,0,0.2828191,0.638320395201129,1,1,0,4,0,4,0,0.77010115266996,0.804325148646566,0.0116443189837685,,,,,,,,,,,,,,,1,,1
44,2002,"Tomáš","Galbavý",44,"","0","podnikatel",2,"SDKÚ",433953,869811,28,2421,11,11,0,0,0,0,0,0.0581612,0.978122794636556,12,8,4,4.5,4,23,11,0.77010115266996,0.804325148646566,0.0116443189837685,18,"SDKÚ",422815,999034,31,4307,21,21,0,0,0,0,0,0.1729209,0,0,1
44,2006,"Tomáš","Galbavý",48,"Nitra","","poslanec NR SR",18,"SDKÚ",422815,999034,31,4307,21,21,0,0,0,0,0,0.1729209,0.93925149159284,21,17,4,6.94117647058824,1,59,1,0.732176218887483,0.732176218887483,0.24697161453625,15,"SDKÚ",390042,802836,28,5516,19,21,-2,0,0,0,0,1.660349,0,0,0
46,2006,"László","Gyurovszky",46,"Šaľa","Ing.","elektroinžinier",10,"SMK",269111,791726,20,14414,7,9,-2,1,0,0,0,0.4819602,0.539323811245706,0,0,0,0,0,0,0,0.765804857470017,0.765804857470017,0.255107575483638,,,,,,,,,,,,,,,1,,1
54,2002,"Milan","Hort",49,"","Ing.","ekonóm",2,"SDKÚ",433953,869811,28,3028,8,8,0,0,0,0,0,0.0930193,0.969301340860974,24,17,7,5.52941176470588,5.4,38,23,0.77010115266996,0.804325148646566,0.0116443189837685,18,"SDKÚ",422815,999034,31,5641,5,9,-4,0,0,0,0,0.151717,0,0,1
54,2006,"Milan","Hort",53,"Nová Dubnica","Ing.","poslanec NR SR",18,"SDKÚ",422815,999034,31,5641,5,9,-4,0,0,0,0,0.151717,0.927318748870005,5,5,0,28.4,0,61,0,0.732176218887483,0.732176218887483,0.24697161453625,15,"SDKÚ",390042,802836,28,23568,4,5,-1,1,1,0,0,1.194783,0,0,1
55,2002,"Pavol","Hrušovský",50,"","JUDr.","podpredseda NR SR",12,"KDH",237202,523559,15,118354,1,1,0,1,1,0,0,0.3392417,0.850035285815102,10,10,0,8.5,0,28,0,0.557734314615049,0.673197903014417,0.0206422018348624,6,"KDH",191443,485752,14,95412,1,1,0,1,1,0,0,0.4857392,0,0,1
55,2006,"Pavol","Hrušovský",54,"Nitra","JUDr.","poslanec NR SR",6,"KDH",191443,485752,14,95412,1,1,0,1,1,0,0,0.4857392,0.851202314228892,21,19,2,11.4736842105263,4,64,8,0.723919725185319,0.723919725185319,0.287470620141023,13,"KDH",215755,518170,15,53142,2,3,-1,1,1,0,0,1.530751,0,0,1
57,2002,"Stanislav","Husár",60,"","0","strojný zámocník",12,"KDH",237202,523559,15,792,29,29,0,0,0,0,0,0.1895888,0.549752999294284,12,3,9,6,5.14285714285714,15,32,0.557734314615049,0.673197903014417,0.0206422018348624,,,,,,,,,,,,,,,1,,1
60,2002,"Alexej","Ivanko",53,"","JUDr.","právnik",2,"SDKÚ",433953,869811,28,1489,24,24,0,0,0,0,0,0.1523888,0.904199011997177,12,5,7,6.8,1.71428571428571,15,12,0.77010115266996,0.804325148646566,0.0116443189837685,,,,,,,,,,,,,,,1,,1
61,2002,"Dušan","Jarjabek",49,"","Mgr.","poslanec /singer",6,"HZDS",560691,1310310,35,7750,32,31,1,0,0,0,1,0.0899111,0.773112208892025,29,15,14,2.93333333333333,8.7,33,52,0.432486473770877,0.627355601968387,0.167254763585039,19,"Smer",671185,1440267,50,20602,28,8,20,1,0,0,1,0.216247,0,1,1
61,2006,"Dušan","Jarjabek",53,"Bratislava","Mgr.","poslanec NR SR",19,"Smer",671185,1440267,50,20602,28,8,20,1,0,0,1,0.216247,0.979388898933285,18,17,1,0.571428571428571,0,3,0,0.872653599498017,0.872653599498017,0.00198879045380582,17,"Smer",880111,1919262,62,6495,37,37,0,0,0,0,0,1.145398,0,0,1
62,2002,"Ján","Jasovský",53,"","doc., In","poslanec /technik",6,"HZDS",560691,1310310,35,28624,7,7,0,0,0,0,0,0.4425168,0.712067748764996,12,6,6,5.33333333333333,1.33333333333333,26,4,0.432486473770877,0.627355601968387,0.167254763585039,,,,,,,,,,,,,,,1,,2
71,2002,"László","Köteles",45,"","0","technik",11,"SMK",321069,789916,20,12162,7,9,-2,0,0,0,0,0.3350584,0.967713479181369,5,1,4,6,2.66666666666667,6,7,0.742781749562763,0.785533373686545,0.0127028934368384,10,"SMK",269111,791726,20,14442,8,8,0,1,0,0,0,0.8040693,0,0,1
71,2006,"László","Köteles",48,"Moldava nad Bodvou","","technik",10,"SMK",269111,791726,20,14442,8,8,0,1,0,0,0,0.8040693,0.89061652504068,5,5,0,29.6,0,60,0,0.765804857470017,0.765804857470017,0.255107575483638,7,"SMK",109638,309527,0,7511,13,9,4,1,0,0,1,0.7181301,0,0,0
72,2006,"Miroslav","Kotian",54,"Bojnice","Ing.","manažér",20,"SNS",270230,541733,20,4461,17,18,-1,0,0,0,0,0.4384458,0.836738383655758,0,0,0,0,0,0,0,0.748056409329235,0.748056409329235,0.00705116615440246,,,,,,,,,,,,,,,1,,1
75,2002,"Sergej","Kozlík",52,"","Ing.","poslanec NRSR,deputy chairHZDS",6,"HZDS",560691,1310310,35,244957,3,2,1,1,1,0,1,0.3170143,0.576570218772054,2,0,2,0,8.5,0,15,0.432486473770877,0.627355601968387,0.167254763585039,,,,,,,,,,,,,,,1,,1
76,2002,"Gustáv","Krajci",51,"","Mgr.","poslanec /teacher",6,"HZDS",560691,1310310,35,30409,17,17,0,0,0,0,0,0.0504257,0.68560338743825,21,3,18,7.66666666666667,6.16666666666667,20,33,0.432486473770877,0.627355601968387,0.167254763585039,,,,,,,,,,,,,,,1,,1
82,2002,"József","Kvarda",53,"","PhDr.","kulturológ - socioló",11,"SMK",321069,789916,20,20118,26,26,0,0,0,0,0,0.1371622,0.63091037402964,1,0,1,0,3,0,3,0.742781749562763,0.785533373686545,0.0127028934368384,,,,,,,,,,,,,,,1,,1
85,2002,"Jirko","Malchárek",36,"","Ing.","poslanec NR SR",17,"ANO",230309,442270,15,17918,9,9,0,0,0,0,0,0.1618615,0.791637261820748,47,21,26,2.19047619047619,3.17647058823529,25,42,0.397366395072817,0.625876417160821,0.13196894848271,,,,,,,,,,,,,,,1,,1
86,2006,"Anna","Belousovová",46,"Čadca","RNDr.","konateľka",20,"SNS",270230,541733,20,90613,2,2,0,1,1,0,0,0.4665666,0.864943048273368,5,5,0,5.8,0,18,0,0.748056409329235,0.748056409329235,0.00705116615440246,10,"SNS",128490,265742,9,60983,2,2,0,1,1,0,0,1.720828,0,0,1
88,2002,"Miroslav","Maxon",51,"","Ing.","poslanec /economist",6,"HZDS",560691,1310310,35,16598,26,25,1,0,0,0,1,0.0650867,0.774523641496119,40,4,36,4,5.26086956521739,14,60,0.432486473770877,0.627355601968387,0.167254763585039,9,"HZD",14728,28810,0,3109,1,1,0,1,1,0,0,0.2176158,0,1,1
92,2002,"František","Mikloško",55,"","RNDr.","poslanec /math",12,"KDH",237202,523559,15,42639,7,5,2,1,0,0,1,0.24857,0.941425546930134,14,9,5,5.77777777777778,3.66666666666667,21,11,0.557734314615049,0.673197903014417,0.0206422018348624,6,"KDH",191443,485752,14,35841,8,4,4,1,0,0,1,0.3766301,0,0,1
92,2006,"František","Mikloško",59,"Bratislava","RNDr.","poslanec NR SR",6,"KDH",191443,485752,14,35841,8,4,4,1,0,0,1,0.3766301,0.764057132525764,25,19,6,6.21052631578947,1.75,50,7,0.723919725185319,0.723919725185319,0.287470620141023,,,,,,,,,,,,,,,1,,1
94,2002,"Peter","Muránsky",29,"","Ing., Mg","poslanec /ekolog",12,"KDH",237202,523559,15,3791,10,10,0,0,0,0,0,0.1886238,0.950070571630205,16,9,7,6.11111111111111,0.5,27,3,0.557734314615049,0.673197903014417,0.0206422018348624,6,"KDH",191443,485752,14,4719,12,16,-4,0,0,0,0,0.2805083,0,0,2
95,2002,"Ludmila","Mušková",53,"","Mgr.","poslankyna/former teacher",6,"HZDS",560691,1310310,35,11264,13,13,0,0,0,0,0,0.4209385,0.808221594918843,44,5,39,1,7.05,3,70,0.432486473770877,0.627355601968387,0.167254763585039,14,"HZDS",202540,527450,15,8668,13,11,2,1,0,0,1,0.4640339,0,0,1
95,2006,"Ľudmila","Mušková",57,"Kysucké Nové Mesto","Mgr.","poslankyňa NR SR",14,"HZDS",202540,527450,15,8668,13,11,2,1,0,0,1,0.4640339,0.909962032182245,25,17,8,1.26666666666667,2.25,12,9,0.674177363948653,0.674177363948653,0.0142831314409691,,,,,,,,,,,,,,,1,,1
96,2002,"László","Nagy",54,"","PhDr.","sociológ",11,"SMK",321069,789916,20,12591,8,10,-2,0,0,0,0,0.4335998,0.937896965419901,6,0,6,0,7.25,0,28,0.742781749562763,0.785533373686545,0.0127028934368384,10,"SMK",269111,791726,20,7675,11,18,-7,0,0,0,0,0.5411777,0,0,1
96,2006,"László","Nagy",57,"Bratislava","PhDr.","sociológ",10,"SMK",269111,791726,20,7675,11,18,-7,0,0,0,0,0.5411777,0.886638944133068,20,5,15,22,3.42857142857143,59,18,0.765804857470017,0.765804857470017,0.255107575483638,18,"MOST-HÍD",205538,506726,14,12164,8,10,-2,1,0,0,0,0.9893364,0,1,1
102,2002,"Vladimír","Palko",45,"","doc., RN","poslanec /mathematician",12,"KDH",237202,523559,15,62401,3,3,0,1,1,0,0,0.2996397,0.351799576570219,6,6,0,6.83333333333333,0,15,0,0.557734314615049,0.673197903014417,0.0206422018348624,6,"KDH",191443,485752,14,64026,2,3,-1,1,1,0,0,0.4218805,0,0,2
102,2006,"Vladimír","Palko",49,"Bratislava","doc., RNDr., CSc.","poslanec NR SR",6,"KDH",191443,485752,14,64026,2,3,-1,1,1,0,0,0.4218805,0.790273006689568,34,33,1,4.78787878787879,14,55,14,0.723919725185319,0.723919725185319,0.287470620141023,,,,,,,,,,,,,,,1,,3
103,2006,"Jaroslav","Paška",51,"Bratislava","Ing. arch.","vysokoškolský pedagóg",20,"SNS",270230,541733,20,11763,19,7,12,1,0,0,1,0.1711822,0.798770565901284,0,0,0,0,0,0,0,0.748056409329235,0.748056409329235,0.00705116615440246,,,,,,,,,,,,,,,1,,1
108,2006,"Pavol","Prokopovič",50,"Stropkov","Ing.","minister dopravy, pôšt a telekomunikácií SR",18,"SDKÚ",422815,999034,31,9748,10,13,-3,0,0,0,0,0.3231332,0.916109202675827,6,3,3,33,6.33333333333333,59,19,0.732176218887483,0.732176218887483,0.24697161453625,,,,,,,,,,,,,,,1,,1
110,2002,"Milan","Rehák",55,"","Ing.","poslanec /inz",6,"HZDS",560691,1310310,35,3250,18,18,0,0,0,0,0,0.1924079,0.808045165843331,6,0,6,0,24,0,46,0.432486473770877,0.627355601968387,0.167254763585039,14,"HZDS",202540,527450,15,12185,3,10,-7,1,1,0,0,0.3759794,0,0,1
110,2006,"Milan","Rehák",58,"Kostolná - Záriečie","Ing.","poslanec NR SR",14,"HZDS",202540,527450,15,12185,3,10,-7,1,1,0,0,0.3759794,0.904538058217321,1,1,0,2,0,2,0,0.674177363948653,0.674177363948653,0.0142831314409691,8,"HZDS",109480,236360,0,8041,3,6,-3,1,1,0,0,1.693175,0,0,1
112,2002,"Ján","Rusnák",46,"","Ing.","ekonóm",2,"SDKÚ",433953,869811,28,3064,16,16,0,0,0,0,0,0.2290249,0.967007762879323,14,5,9,3.4,3,13,9,0.77010115266996,0.804325148646566,0.0116443189837685,18,"SDKÚ",422815,999034,31,2057,33,33,0,0,0,0,0,0.1712064,0,0,1
112,2006,"Ján","Rusnák",50,"Vinné","Ing.","poslanec NR SR",18,"SDKÚ",422815,999034,31,2057,33,33,0,0,0,0,0,0.1712064,0.540227806906527,0,0,0,0,0,0,0,0.732176218887483,0.732176218887483,0.24697161453625,15,"SDKÚ",390042,802836,28,668,59,59,0,0,0,0,0,1.199216,0,0,1
114,2002,"Eva","Rusnáková",44,"","0","pedagóg",2,"SDKÚ",433953,869811,28,2431,28,28,0,0,0,0,0,0.1547271,0.924311926605505,22,2,20,6,5.36363636363636,12,45,0.77010115266996,0.804325148646566,0.0116443189837685,18,"SDKÚ",422815,999034,31,1707,56,56,0,0,0,0,0,0.2657447,0,0,1
115,2002,"Mária","Sabolová",46,"","Ing.","poslanec /inz",12,"KDH",237202,523559,15,8289,17,17,0,0,0,0,0,0.3474465,0.94530698659139,21,9,12,7.88888888888889,6.2,31,48,0.557734314615049,0.673197903014417,0.0206422018348624,6,"KDH",191443,485752,14,8612,19,8,11,1,0,1,1,0.3125572,0,0,1
115,2006,"Mária","Sabolová",49,"Košice","Ing.","poslankyňa NR SR",6,"KDH",191443,485752,14,8612,19,8,11,1,0,1,1,0.3125572,0.896221298137769,31,30,1,7.76666666666667,1,66,1,0.723919725185319,0.723919725185319,0.287470620141023,13,"KDH",215755,518170,15,17172,5,6,-1,1,0,0,0,1.131107,0,0,1
116,2002,"Klára","Sárközy",49,"","MUDr.","lekár",11,"SMK",321069,789916,20,6271,21,22,-1,0,0,0,0,0.3003712,0.983768525052929,21,5,16,7,2.45454545454545,18,14,0.742781749562763,0.785533373686545,0.0127028934368384,10,"SMK",269111,791726,20,11606,9,13,-4,1,0,0,0,0.4318797,0,0,1
116,2006,"Klára","Sárközy",53,"Veľký Meder","MUDr.","zubná lekárka",10,"SMK",269111,791726,20,11606,9,13,-4,1,0,0,0,0.4318797,0.945217862954258,18,13,5,12.3846153846154,3.5,60,14,0.765804857470017,0.765804857470017,0.255107575483638,7,"SMK",109638,309527,0,8464,8,8,0,1,0,0,0,1.046773,0,0,1
123,2006,"Ján","Slota",52,"Žilina","Ing.","primátor",20,"SNS",270230,541733,20,174010,1,1,0,1,1,0,0,0.5752306,0.50171759175556,16,16,0,3.28571428571429,0,22,0,0.748056409329235,0.748056409329235,0.00705116615440246,10,"SNS",128490,265742,9,64525,1,1,0,1,1,0,0,1.966707,0,0,1
129,2002,"Ivan","Šimko",47,"","JUDr., I","právnik",2,"SDKÚ",433953,869811,28,107333,4,4,0,1,1,0,0,0.2261824,0.737473535638673,25,20,5,2,6.5,18,12,0.77010115266996,0.804325148646566,0.0116443189837685,3,"Misia 21",2523,4712,0,926,1,1,0,1,1,0,0,0.1235059,0,1,2
136,2006,"Jozef","Tarčák",47,"Námestovo","PaedDr.","pedagóg",14,"HZDS",202540,527450,15,15520,5,7,-2,1,0,0,0,0.6186444,0.914662809618514,1,1,0,7,0,7,0,0.674177363948653,0.674177363948653,0.0142831314409691,,,,,,,,,,,,,,,1,,1
138,2002,"Vojtech","Tkác",53,"","doc., JU","poslanec /lawyer",6,"HZDS",560691,1310310,35,169634,5,3,2,1,0,0,1,0.2640183,0.691601976005646,17,4,13,6.25,7.55555555555556,15,44,0.432486473770877,0.627355601968387,0.167254763585039,,,,,,,,,,,,,,,1,,2
141,2002,"Katarína","Tóthová",62,"","prof., J","poslankyna /formerprof",6,"HZDS",560691,1310310,35,22046,60,59,1,0,0,0,1,0.1734193,0.720183486238532,45,16,29,1.3125,3.33333333333333,11,27,0.432486473770877,0.627355601968387,0.167254763585039,14,"HZDS",202540,527450,15,24718,30,5,25,1,0,1,1,0.2319936,0,0,2
141,2006,"Katarína","Tóthová",66,"Bratislava","prof., JUDr., DrSc.","poslankyňa NR SR",14,"HZDS",202540,527450,15,24718,30,5,25,1,0,1,1,0.2319936,0.924787561019707,16,14,2,1,1,6,2,0.674177363948653,0.674177363948653,0.0142831314409691,8,"HZDS",109480,236360,0,17847,13,3,10,1,0,0,1,1.391157,0,0,3
143,2002,"Roman","Vavrík",43,"","Ing.","strojný inžinier",2,"SDKÚ",433953,869811,28,2455,9,9,0,0,0,0,0,0.0832479,0.947953422724065,15,8,7,3.5,2.4,14,12,0.77010115266996,0.804325148646566,0.0116443189837685,,,,,,,,,,,,,,,1,,1
147,2002,"Anna","Záborská",54,"","MUDr.","poslanec /lek",12,"KDH",237202,523559,15,12591,9,9,0,0,0,0,0,0.207651,0.63196894848271,6,1,5,0,2.6,0,13,0.557734314615049,0.673197903014417,0.0206422018348624,,,,,,,,,,,,,,,1,,1
149,2006,"Štefan","Zelník",51,"Žilina","MUDr.","chirurg",20,"SNS",270230,541733,20,19929,5,4,1,1,0,0,1,0.6453866,0.918097993129633,4,3,1,10,7,30,7,0.748056409329235,0.748056409329235,0.00705116615440246,10,"SNS",128490,265742,9,7241,6,6,0,1,0,0,0,2.795445,0,0,1
153,2002,"Stanislav","Škoda",60,"","Mgr.","odborný ucitel",2,"SDKÚ",433953,869811,28,797,26,26,0,0,0,0,0,0.1775633,0.968242766407904,3,2,1,0,0,0,0,0.77010115266996,0.804325148646566,0.0116443189837685,18,"SDKÚ",422815,999034,31,884,43,43,0,0,0,0,0,0.2334992,0,0,1
157,2006,"Eduard","Kukan",66,"Bratislava","JUDr.","minister zahraničných vecí SR",18,"SDKÚ",422815,999034,31,138495,4,4,0,1,1,0,0,0.4796298,0.826071234858073,2,2,0,49.5,0,59,0,0.732176218887483,0.732176218887483,0.24697161453625,,,,,,,,,,,,,,,1,,1
158,2002,"Edit","Bauer",55,"","Ing., CS","vedecký pracovník",11,"SMK",321069,789916,20,30256,17,18,-1,0,0,0,0,0.2686687,0.627381792519407,14,1,13,1,2.55555555555556,1,20,0.742781749562763,0.785533373686545,0.0127028934368384,,,,,,,,,,,,,,,1,,2
169,2002,"Vladimír","Meciar",60,"","JUDr.","právnik/party leader",6,"HZDS",560691,1310310,35,358834,1,1,0,1,1,0,0,0.3433776,0.601270289343684,5,2,3,7,2.5,14,5,0.432486473770877,0.627355601968387,0.167254763585039,14,"HZDS",202540,527450,15,139255,1,1,0,1,1,0,0,0.3804348,0,0,1
169,2006,"Vladimír","Mečiar",63,"Bratislava","JUDr.","poslanec NR SR",14,"HZDS",202540,527450,15,139255,1,1,0,1,1,0,0,0.3804348,0.711444585065992,6,2,4,3.5,1,7,3,0.674177363948653,0.674177363948653,0.0142831314409691,8,"HZDS",109480,236360,0,55578,1,1,0,1,1,0,0,1.517142,0,0,1
170,2006,"Pál","Csáky",50,"Levice","Ing.","chemický inžinier",10,"SMK",269111,791726,20,110799,2,2,0,1,1,0,0,0.8025171,0.826071234858073,4,4,0,34.75,0,60,0,0.765804857470017,0.765804857470017,0.255107575483638,7,"SMK",109638,309527,0,52304,1,1,0,1,1,0,0,0.9872156,0,0,1
171,2006,"Mikuláš","Dzurinda",51,"Bratislava","Ing., CSc.","predseda vlády SR",18,"SDKÚ",422815,999034,31,165729,1,3,-2,1,1,0,0,0.4387436,0.863135056951727,4,4,0,34.5,0,60,0,0.732176218887483,0.732176218887483,0.24697161453625,,,,,,,,,,,,,,,1,,2
175,2002,"István","Harna",62,"","doc., In","ekonóm",11,"SMK",321069,789916,20,12328,15,16,-1,0,0,0,0,0.3148254,0.961538461538462,7,3,4,3.66666666666667,8,9,8,0.742781749562763,0.785533373686545,0.0127028934368384,,,,,,,,,,,,,,,1,,2
184,2002,"Ján","Figel",42,"","Ing.","štátny tajomník MZV",12,"KDH",237202,523559,15,92077,2,2,0,1,1,0,0,0.332327,0.547106563161609,0,0,0,0,0,0,0,0.557734314615049,0.673197903014417,0.0206422018348624,,,,,,,,,,,,,,,1,,1
196,2002,"Martin","Fronc",55,"","doc., Mg","štátny tajomník MŠ S",12,"KDH",237202,523559,15,3394,8,8,0,0,0,0,0,0.1771693,0.350564573041637,5,5,0,8.6,0,15,0,0.557734314615049,0.673197903014417,0.0206422018348624,6,"KDH",191443,485752,14,10036,5,6,-1,1,0,0,0,0.2571061,0,0,2
196,2006,"Martin","Fronc",58,"Divina","doc., Mgr., CSc.","poslanec NR SR",6,"KDH",191443,485752,14,10036,5,6,-1,1,0,0,0,0.2571061,0.877418188392696,32,24,8,6.95833333333333,3.85714285714286,61,27,0.723919725185319,0.723919725185319,0.287470620141023,13,"KDH",215755,518170,15,6894,10,10,0,1,0,0,0,1.80187,0,0,3
197,2006,"László","Szigeti",48,"Štúrovo","","pedagóg",10,"SMK",269111,791726,20,53194,5,3,2,1,0,0,1,0.7584793,0.902368468631351,8,8,0,18.625,0,60,0,0.765804857470017,0.765804857470017,0.255107575483638,7,"SMK",109638,309527,0,22315,5,2,3,1,0,0,1,0.847728,0,0,0
204,2006,"Alexander","Slafkovský",55,"Liptovský Mikuláš","MUDr.","primátor",18,"SDKÚ",422815,999034,31,8014,15,15,0,0,0,0,0,0.7038786,0.876875790996203,11,8,3,13.875,4.33333333333333,62,11,0.732176218887483,0.732176218887483,0.24697161453625,15,"SDKÚ",390042,802836,28,4751,34,34,0,0,0,0,0,1.913127,0,0,1
220,2002,"Gabriel","Karlin",55,"","MVDr.","poslanec NR SR",6,"HZDS",560691,1310310,35,1425,36,35,1,0,0,1,1,0.2840655,0.665666901905434,11,2,9,9,5.5,18,25,0.432486473770877,0.627355601968387,0.167254763585039,,,,,,,,,,,,,,,1,,1
222,2002,"Vladimír","Pavelka",42,"","Ing.","poslanec/inz",6,"HZDS",560691,1310310,35,3263,37,36,1,0,0,0,1,0.3979746,0.601799576570219,3,0,3,0,3.5,0,6,0.432486473770877,0.627355601968387,0.167254763585039,14,"HZDS",202540,527450,15,2175,26,27,-1,0,0,0,0,0.5040371,0,0,1
225,2002,"Miroslav","Abelovský",54,"","JUDr.","komercný právnik",6,"HZDS",560691,1310310,35,2407,23,22,1,0,0,0,1,0.3027685,0.682251235003529,31,6,25,8,2,28,13,0.432486473770877,0.627355601968387,0.167254763585039,,,,,,,,,,,,,,,1,,1
226,2002,"Pavol","Abrhan",43,"","Ing.","manažér",12,"KDH",237202,523559,15,1548,11,11,0,0,0,0,0,0.2113055,0.967360621030346,14,6,8,5.83333333333333,2.57142857142857,26,15,0.557734314615049,0.673197903014417,0.0206422018348624,6,"KDH",191443,485752,14,2386,10,14,-4,0,0,0,0,0.4331918,0,0,1
226,2006,"Pavol","Abrhan",46,"Nové Zámky","Ing.","ústredný tajomník KDH",6,"KDH",191443,485752,14,2386,10,14,-4,0,0,0,0,0.4331918,0.872717410956427,14,13,1,11.4615384615385,0,56,0,0.723919725185319,0.723919725185319,0.287470620141023,13,"KDH",215755,518170,15,2647,9,13,-4,0,0,0,0,1.193925,0,0,1
227,2002,"Sándor","Albert",59,"","doc., In","vysokoškolský ucitel",11,"SMK",321069,789916,20,7840,16,17,-1,0,0,0,0,0.4496309,0.956951305575159,1,1,0,9,0,9,0,0.742781749562763,0.785533373686545,0.0127028934368384,,,,,,,,,,,,,,,1,,2
228,2002,"Edita","Angyalová",22,"","Ing.","ekonómka",5,"Smer",387100,673096,25,4787,18,18,0,0,0,0,0,0.1469061,0.903316866619619,24,7,17,5.57142857142857,2.81818181818182,30,20,0.683028829817821,0.756230308806173,0.111326746647848,19,"Smer",671185,1440267,50,2531,55,55,0,0,0,0,0,0.0668074,0,0,1
228,2006,"Edita","Angyalová",26,"Bratislava","Ing.","poslankyňa NR SR",19,"Smer",671185,1440267,50,2531,55,55,0,0,0,0,0,0.0668074,0.378954981016091,6,5,1,1,14,1,14,0.872653599498017,0.872653599498017,0.00198879045380582,,,,,,,,,,,,,,,1,,1
229,2002,"Eva","Antošová",37,"","Ing.","primátorka mesta",6,"HZDS",560691,1310310,35,34667,2,5,-3,0,1,0,0,0.256928,0.768701482004234,7,2,5,8.5,9,16,33,0.432486473770877,0.627355601968387,0.167254763585039,,,,,,,,,,,,,,,1,,1
230,2002,"Herman","Arvay",38,"","0","manažér",10,"KSS",181872,307307,10,2031,8,7,1,0,0,0,1,0.0994812,0.650141143260409,2,2,0,3,0,3,0,0.718772053634439,0.77209284090018,0.18454481298518,,,,,,,,,,,,,,,1,,1
231,2002,"Jozef","Banáš",53,"","Ing.","riadiaci pracovník",17,"ANO",230309,442270,15,1734,11,11,0,0,0,0,0,-0.0075368,0.784227240649259,4,4,0,3,0,12,0,0.397366395072817,0.625876417160821,0.13196894848271,,,,,,,,,,,,,,,1,,1
232,2002,"Tibor","Bastrnák",37,"","MUDr.","lekár",11,"SMK",321069,789916,20,15626,12,13,-1,0,0,0,0,0.675527,0.950423429781228,3,0,3,0,3.66666666666667,0,10,0.742781749562763,0.785533373686545,0.0127028934368384,10,"SMK",269111,791726,20,19086,18,7,11,1,0,0,1,0.7358813,0,0,1
232,2006,"Tibor","Bastrnák",41,"Komárno","MUDr.","lekár",10,"SMK",269111,791726,20,19086,18,7,11,1,0,0,1,0.7358813,0.925149159284035,6,5,1,21.4,13,63,13,0.765804857470017,0.765804857470017,0.255107575483638,18,"MOST-HÍD",205538,506726,14,24020,4,3,1,1,1,0,1,1.098926,0,1,1
233,2002,"Jaroslav","Baška",27,"","Ing.","riadiaci pracovník",5,"Smer",387100,673096,25,2823,21,21,0,0,0,0,0,0.2941098,0.897141848976711,10,4,6,6.5,3.6,13,15,0.683028829817821,0.756230308806173,0.111326746647848,19,"Smer",671185,1440267,50,3461,24,25,-1,0,0,0,0,0.584751,0,0,1
234,2002,"Monika","Benová",33,"","0","podpredsednícka Smer",5,"Smer",387100,673096,25,108750,2,2,0,1,1,0,0,0.172716,0.572865208186309,1,1,0,0,0,0,0,0.683028829817821,0.756230308806173,0.111326746647848,,,,,,,,,,,,,,,1,,1
235,2006,"József","Berényi",39,"Dolné Saliby","Mgr.","politológ",10,"SMK",269111,791726,20,12447,12,12,0,1,0,0,0,0.5654718,0.872536611824263,22,10,12,15.1428571428571,7.4,56,33,0.765804857470017,0.765804857470017,0.255107575483638,7,"SMK",109638,309527,0,21441,3,4,-1,1,1,0,0,0.8955347,0,0,1
236,2002,"Imrich","Béreš",40,"","Ing.","ekonóm - financník",17,"ANO",230309,442270,15,7338,6,6,0,0,0,0,0,0.0626317,0.473888496824277,0,0,0,0,0,0,0,0.397366395072817,0.625876417160821,0.13196894848271,,,,,,,,,,,,,,,1,,1
237,2002,"Anton","Blajsko",46,"","PaedDr.","vedúci odboru",6,"HZDS",560691,1310310,35,4264,14,14,0,0,0,0,0,0.4757552,0.792342978122795,44,4,40,8,6.84210526315789,18,67,0.432486473770877,0.627355601968387,0.167254763585039,14,"HZDS",202540,527450,15,2728,24,25,-1,0,0,0,0,0.3071797,0,0,1
238,2002,"Juraj","Blanár",36,"","Ing.","riaditel marketingu",5,"Smer",387100,673096,25,3616,23,23,0,0,0,0,0,0.2665783,0.876146788990826,37,8,29,2.5,1.125,7,15,0.683028829817821,0.756230308806173,0.111326746647848,,,,,,,,,,,,,,,1,,1
239,2002,"Peter","Bódy",47,"","Mgr.","manager",2,"SDKÚ",433953,869811,28,1853,15,15,0,0,0,0,0,0.0414773,0.751587861679605,33,13,20,3.76923076923077,2.33333333333333,19,24,0.77010115266996,0.804325148646566,0.0116443189837685,11,"SF",79963,158793,0,2594,6,8,-2,1,0,0,0,0.0895616,0,1,1
240,2002,"Dagmar","Bollová",59,"","PaedDr.","pedagogicka",10,"KSS",181872,307307,10,5411,7,6,1,0,0,0,1,0.1392284,0.894142554693013,28,15,13,6.26666666666667,0.4,29,2,0.718772053634439,0.77209284090018,0.18454481298518,,,,,,,,,,,,,,,1,,1
241,2002,"Beáta","Brestenská",47,"","doc., RN","vysokoškolská pedago",17,"ANO",230309,442270,15,3683,14,14,0,0,0,0,0,0.031271,0.797988708539167,17,5,12,3.8,8.375,13,45,0.397366395072817,0.625876417160821,0.13196894848271,8,"ANO",32775,71843,0,3554,5,6,-1,1,0,0,0,0.0922788,0,0,2
242,2002,"Jozef","Bucek",42,"","Mgr.","generálny riaditel",5,"Smer",387100,673096,25,3998,20,20,0,0,0,0,0,0.149375,0.926958362738179,9,3,6,5.66666666666667,3,11,6,0.683028829817821,0.756230308806173,0.111326746647848,19,"Smer",671185,1440267,50,4980,25,26,-1,0,0,0,0,0.3303246,0,0,1
243,2002,"Jozef","Burian",40,"","Ing.","ekonóm",5,"Smer",387100,673096,25,4533,15,15,0,0,0,0,0,0.2237762,0.888143966125618,58,13,45,1.69230769230769,6.78947368421053,15,61,0.683028829817821,0.756230308806173,0.111326746647848,19,"Smer",671185,1440267,50,6188,20,21,-1,0,0,0,0,0.3880989,0,0,1
243,2006,"Jozef","Burian",44,"Košice","Ing.","poslanec NR SR",19,"Smer",671185,1440267,50,6188,20,21,-1,0,0,0,0,0.3880989,0.941963478575303,15,3,12,2,2.2,4,18,0.872653599498017,0.872653599498017,0.00198879045380582,17,"Smer",880111,1919262,62,4075,26,26,0,0,0,0,0,0.7667938,0,0,1
244,2002,"Dušan","Caplovic",55,"","PhDr., D","historik - archeológ",5,"Smer",387100,673096,25,41717,3,5,-2,1,1,0,0,0.1375009,0.923606210303458,67,15,52,2.6,7.11111111111111,20,64,0.683028829817821,0.756230308806173,0.111326746647848,19,"Smer",671185,1440267,50,110702,4,3,1,1,1,0,1,0.4016001,0,0,2
245,2002,"Eva","Cerná",38,"","0","novinárka",17,"ANO",230309,442270,15,78008,4,2,2,1,1,0,1,0.1786578,0.81545518701482,30,11,19,3.81818181818182,3.125,27,16,0.397366395072817,0.625876417160821,0.13196894848271,8,"ANO",32775,71843,0,16819,1,1,0,1,1,0,0,0.1434177,0,0,1
246,2002,"Miroslav","Cíž",48,"","JUDr.","právnik",5,"Smer",387100,673096,25,3573,17,17,0,0,0,0,0,0.1615758,0.887791107974594,40,7,33,7,4.66666666666667,20,35,0.683028829817821,0.756230308806173,0.111326746647848,19,"Smer",671185,1440267,50,3221,26,27,-1,0,0,0,0,0.4299674,0,0,1
246,2006,"Miroslav","Číž",52,"Štiavnické Bane","JUDr.","poslanec NR SR",19,"Smer",671185,1440267,50,3221,26,27,-1,0,0,0,0,0.4299674,0.953896221298138,2,2,0,1.5,0,2,0,0.872653599498017,0.872653599498017,0.00198879045380582,17,"Smer",880111,1919262,62,6710,13,13,0,0,0,0,0,1.309988,0,0,1
247,2002,"Vladimír","Dado",54,"","RSDr.","obch. námestník",10,"KSS",181872,307307,10,28512,3,3,0,1,1,0,0,0.2633063,0.882674664784757,28,16,12,8.0625,18.25,36,49,0.718772053634439,0.77209284090018,0.18454481298518,16,"KSS",89418,189872,0,11397,7,5,2,1,0,0,1,0.255781,0,0,1
248,2002,"Anton","Danko",43,"","Ing.","viceprimátor mesta",17,"ANO",230309,442270,15,9828,5,5,0,0,0,0,0,0.2534645,0.613443895553987,4,3,1,2.66666666666667,0,6,0,0.397366395072817,0.625876417160821,0.13196894848271,,,,,,,,,,,,,,,1,,1
249,2002,"Mária","Demeterová",53,"","Mgr.","námestnícka primátor",12,"KDH",237202,523559,15,2368,14,14,0,0,0,0,0,0.1199604,0.931016231474947,25,13,12,7.15384615384615,6.09090909090909,32,48,0.557734314615049,0.673197903014417,0.0206422018348624,6,"KDH",191443,485752,14,3340,16,20,-4,0,0,0,0,0.1118458,0,0,1
250,2002,"Ferdinand","Devínsky",54,"","Dr. h. c","vysokoškolský ucitel",2,"SDKÚ",433953,869811,28,16565,10,10,0,0,0,0,0,0.1378653,0.925194071983063,4,2,2,4.5,2,8,2,0.77010115266996,0.804325148646566,0.0116443189837685,18,"SDKÚ",422815,999034,31,5287,24,24,0,0,0,0,0,0.240574,0,0,1
250,2006,"Ferdinand","Devínsky",58,"Bratislava","Dr. h. c., prof., Ing., D","poslanec NR SR",18,"SDKÚ",422815,999034,31,5287,24,24,0,0,0,0,0,0.240574,0.856083890797324,7,4,3,34.75,4.66666666666667,60,14,0.732176218887483,0.732176218887483,0.24697161453625,,,,,,,,,,,,,,,1,,4
251,2002,"Ján","Drgonec",50,"","JUDr., D","advokát",17,"ANO",230309,442270,15,21825,3,4,-1,0,1,0,0,0.1358396,0.729004940014114,33,19,14,3.42105263157895,1.28571428571429,36,9,0.397366395072817,0.625876417160821,0.13196894848271,,,,,,,,,,,,,,,1,,2
252,2002,"Karol","Džupa",49,"","MUDr., C","lekár",6,"HZDS",560691,1310310,35,3312,31,30,1,0,0,0,1,0.4592534,0.758997882851094,10,4,6,9.25,1.33333333333333,23,3,0.432486473770877,0.627355601968387,0.167254763585039,,,,,,,,,,,,,,,1,,2
253,2002,"Jozef","Elsner",42,"","JUDr.","podnikatel",6,"HZDS",560691,1310310,35,2734,22,21,1,0,0,0,1,0.3145165,0.666725476358504,7,3,4,10,2.66666666666667,19,7,0.432486473770877,0.627355601968387,0.167254763585039,,,,,,,,,,,,,,,1,,1
254,2002,"Karol","Fajnor",47,"","Ing.","dopr. inžinier",10,"KSS",181872,307307,10,6762,11,10,1,0,0,1,1,0.0972071,0.864502470007057,19,11,8,8.27272727272727,9.875,23,47,0.718772053634439,0.77209284090018,0.18454481298518,16,"KSS",89418,189872,0,3621,150,8,142,1,0,0,1,0.1674917,0,0,1
255,2002,"Iván","Farkas",36,"","Ing.","ekonomický inžinier",11,"SMK",321069,789916,20,5158,14,15,-1,0,0,0,0,0.4158838,0.969654199011997,3,2,1,2.5,7,3,7,0.742781749562763,0.785533373686545,0.0127028934368384,10,"SMK",269111,791726,20,13134,6,11,-5,1,0,0,0,0.8217573,0,0,1
255,2006,"Iván","Farkas",40,"Mužla","Ing.","ekonomický inžinier",10,"SMK",269111,791726,20,13134,6,11,-5,1,0,0,0,0.8217573,0.919182787922618,16,6,10,19,6.75,59,22,0.765804857470017,0.765804857470017,0.255107575483638,7,"SMK",109638,309527,0,11785,4,6,-2,1,1,0,0,0.6366696,0,0,1
256,2002,"Igor","Federic",39,"","Ing.","stavebný inžinier",5,"Smer",387100,673096,25,1520,22,22,0,0,0,0,0,0.0982818,0.875088214537756,20,12,8,4.5,2,16,8,0.683028829817821,0.756230308806173,0.111326746647848,19,"Smer",671185,1440267,50,1863,14,16,-2,0,0,0,0,0.0299826,0,0,1
257,2002,"Darina","Gabániová",46,"","MUDr., P","stomatológ",5,"Smer",387100,673096,25,3406,16,16,0,0,0,0,0,0.058455,0.932074805928017,2,0,2,0,9,0,18,0.683028829817821,0.756230308806173,0.111326746647848,19,"Smer",671185,1440267,50,5162,21,22,-1,0,0,0,0,0.1023111,0,0,2
257,2006,"Darina","Gabániová",50,"Bratislava","MUDr., PhD.","poslankyňa NR SR",19,"Smer",671185,1440267,50,5162,21,22,-1,0,0,0,0,0.1023111,0.975230518893509,0,0,0,0,0,0,0,0.872653599498017,0.872653599498017,0.00198879045380582,17,"Smer",880111,1919262,62,975,50,50,0,0,0,0,0,1.124684,0,0,2
258,2002,"Gábor","Gál",27,"","Mgr.","právnik",11,"SMK",321069,789916,20,5247,18,19,-1,0,0,0,0,0.1459189,0.969124911785462,11,1,10,8,3.5,8,19,0.742781749562763,0.785533373686545,0.0127028934368384,10,"SMK",269111,791726,20,7113,14,19,-5,0,0,0,0,0.3784116,0,0,1
258,2006,"Gábor","Gál",31,"Veľká Mača","Mgr.","právnik",10,"SMK",269111,791726,20,7113,14,19,-5,0,0,0,0,0.3784116,0.820647260893148,11,6,5,16.5,1.5,56,3,0.765804857470017,0.765804857470017,0.255107575483638,18,"MOST-HÍD",205538,506726,14,21149,5,4,1,1,0,0,1,0.8911842,0,1,1
259,2002,"Andej","Hajduk",54,"","0","vodohospodár",12,"KDH",237202,523559,15,2187,13,13,0,0,0,0,0,0.3842195,0.970183486238532,9,7,2,9,1,30,1,0.557734314615049,0.673197903014417,0.0206422018348624,6,"KDH",191443,485752,14,1392,23,25,-2,0,0,0,0,0.4463017,0,0,1
260,2002,"Richárd","Hamerlik",35,"","Ing.","strojný inžinier",11,"SMK",321069,789916,20,4399,19,20,-1,0,0,0,0,0.567212,0.958892025405787,11,3,8,5.66666666666667,4.14285714285714,13,26,0.742781749562763,0.785533373686545,0.0127028934368384,10,"SMK",269111,791726,20,3296,36,37,-1,0,0,0,0,0.6413361,0,0,1
261,2002,"Bohumil","Hanzel",54,"","0","generálny riaditel",5,"Smer",387100,673096,25,7971,8,8,0,0,0,0,0,0.0568568,0.787050105857445,15,1,14,0,3.77777777777778,0,27,0.683028829817821,0.756230308806173,0.111326746647848,,,,,,,,,,,,,,,1,,1
262,2002,"Jozef","Heriban",49,"","PhDr.","marketingový manažér",17,"ANO",230309,442270,15,9651,13,13,0,0,0,0,0,0.1093426,0.799223712067749,6,4,2,6,4,21,8,0.397366395072817,0.625876417160821,0.13196894848271,,,,,,,,,,,,,,,1,,1
263,2002,"Ivan","Hopta",44,"","PhDr., C","šéfredaktor Úsvitu",10,"KSS",181872,307307,10,37095,2,2,0,1,1,0,0,0.5097886,0.738355681016232,1,0,1,0,0,0,0,0.718772053634439,0.77209284090018,0.18454481298518,5,"ZRS",6864,13448,0,1283,2,2,0,1,1,0,0,0.2105946,0,1,2
264,2002,"Zoltán","Horváth",33,"","0","štátny zamestnanec",2,"SDKÚ",433953,869811,28,848,21,21,0,0,0,0,0,0.0437791,0.976182074805928,6,6,0,7,0,29,0,0.77010115266996,0.804325148646566,0.0116443189837685,18,"SDKÚ",422815,999034,31,1155,30,30,0,0,0,0,0,0.1969297,0,0,1
264,2006,"Zoltán","Horváth",37,"Galanta","PhDr.","poslanec NR SR",18,"SDKÚ",422815,999034,31,1155,30,30,0,0,0,0,0,0.1969297,0.92749954800217,12,9,3,15.8888888888889,4.5,60,9,0.732176218887483,0.732176218887483,0.24697161453625,15,"SDKÚ",390042,802836,28,2163,13,16,-3,0,0,0,0,1.344607,0,0,1
265,2002,"Jozef","Hrdlicka",47,"","0","riaditel MFK",26,"PSNS",105084,188149,0,439,28,28,0,0,0,0,0,0.1557753,1,18,15,3,7.33333333333333,5,26,10,1,,0.18560338743825,16,"KSS",89418,189872,0,18973,2,2,0,1,1,0,0,0.192317,0,1,1
266,2002,"Rudolf","Chmel",63,"","doc., Ph","literárny vedec",17,"ANO",230309,442270,15,3057,10,10,0,0,0,0,0,0.0853632,0.451482004234298,0,0,0,0,0,0,0,0.397366395072817,0.625876417160821,0.13196894848271,,,,,,,,,,,,,,,1,,2
267,2002,"Miroslav","Chovanec",53,"","MUDr.","lekár",5,"Smer",387100,673096,25,7508,14,14,0,0,0,0,0,0.0630897,0.861503175723359,6,3,3,5,18,5,35,0.683028829817821,0.756230308806173,0.111326746647848,19,"Smer",671185,1440267,50,19187,11,13,-2,0,0,0,0,0.6280692,0,0,1
267,2006,"Miroslav","Chovanec",57,"Trenčín","MUDr.","poslanec NR SR",19,"Smer",671185,1440267,50,19187,11,13,-2,0,0,0,0,0.6280692,0.325800036159826,4,4,0,0,0,0,0,0.872653599498017,0.872653599498017,0.00198879045380582,,,,,,,,,,,,,,,1,,1
268,2002,"Jaroslav","Jaduš",35,"","Ing.","podnikatel",6,"HZDS",560691,1310310,35,2306,28,27,1,0,0,0,1,0.3437373,0.830980945659845,43,6,37,7.16666666666667,11.4444444444444,26,58,0.432486473770877,0.627355601968387,0.167254763585039,14,"HZDS",202540,527450,15,2552,19,20,-1,0,0,0,0,0.2145775,0,0,1
269,2002,"Stanislav","Janiš",43,"","Ing.","stavebný inžinier",2,"SDKÚ",433953,869811,28,1713,25,25,0,0,0,0,0,0.0793382,0.953775582215949,9,1,8,4,2.66666666666667,4,15,0.77010115266996,0.804325148646566,0.0116443189837685,18,"SDKÚ",422815,999034,31,3602,18,18,0,0,0,0,0,0.2151264,0,0,1
269,2006,"Stanislav","Janiš",47,"Martin","Ing.","poslanec NR SR",18,"SDKÚ",422815,999034,31,3602,18,18,0,0,0,0,0,0.2151264,0.907792442596276,12,10,2,14.8,1,60,2,0.732176218887483,0.732176218887483,0.24697161453625,15,"SDKÚ",390042,802836,28,8891,8,11,-3,0,0,0,0,1.464461,0,0,1
270,2002,"Mikuláš","Jušcík",54,"","0","podnikatel",10,"KSS",181872,307307,10,3727,9,8,1,0,0,0,1,0.420548,0.899964714184898,14,9,5,8.22222222222222,11.6666666666667,11,32,0.718772053634439,0.77209284090018,0.18454481298518,16,"KSS",89418,189872,0,2865,5,11,-6,1,0,0,0,0.3857367,0,0,1
271,2002,"Robert","Kalinák",31,"","JUDr.","advokát",5,"Smer",387100,673096,25,8160,7,7,0,0,0,0,0,0.0985914,0.805928016937191,35,15,20,1.46666666666667,7.11111111111111,10,46,0.683028829817821,0.756230308806173,0.111326746647848,19,"Smer",671185,1440267,50,299253,2,2,0,1,1,0,0,0.5740116,0,0,1
272,2002,"Ivan","Kino",47,"","Ing.","audítor",6,"HZDS",560691,1310310,35,3440,15,15,0,0,0,0,0,0.2211051,0.640613973182781,3,2,1,10,5,18,5,0.432486473770877,0.627355601968387,0.167254763585039,,,,,,,,,,,,,,,1,,1
273,2002,"Eduard","Kolesár",31,"","0","asistent",6,"HZDS",560691,1310310,35,2440,24,23,1,0,0,0,1,0.1045177,0.793401552575865,8,3,5,8.66666666666667,2,23,5,0.432486473770877,0.627355601968387,0.167254763585039,15,"ASV",3160,5904,0,105,32,12,20,1,0,0,1,0.098569,0,1,1
274,2002,"Zsolt","Komlósy",47,"","0","teoretický kyberneti",11,"SMK",321069,789916,20,8006,10,11,-1,0,0,0,0,0.6595581,0.836450247000706,4,1,3,2,12,2,24,0.742781749562763,0.785533373686545,0.0127028934368384,,,,,,,,,,,,,,,1,,1
275,2002,"Maroš","Kondrót",41,"","Ing.","ekonóm",5,"Smer",387100,673096,25,2879,13,13,0,0,0,0,0,0.0533642,0.924311926605505,22,2,20,2,15.5,2,30,0.683028829817821,0.756230308806173,0.111326746647848,19,"Smer",671185,1440267,50,1727,22,23,-1,0,0,0,0,0.0596164,0,0,1
275,2006,"Maroš","Kondrót",45,"Bratislava","Ing.","poslanec NR SR",19,"Smer",671185,1440267,50,1727,22,23,-1,0,0,0,0,0.0596164,0.901645272102694,6,6,0,1.5,0,7,0,0.872653599498017,0.872653599498017,0.00198879045380582,17,"Smer",880111,1919262,62,642,30,30,0,0,0,0,0,0.5658666,0,0,1
276,2002,"Ján","Kovarcík",51,"","Ing.","ekonóm",6,"HZDS",560691,1310310,35,5242,11,11,0,0,0,0,0,0.3179567,0.785815102328864,4,3,1,7.66666666666667,2,22,2,0.432486473770877,0.627355601968387,0.167254763585039,14,"HZDS",202540,527450,15,6948,7,12,-5,1,0,0,0,0.4378802,0,0,1
276,2006,"Ján","Kovarčík",54,"Nitra","Ing.","poslanec NR SR",14,"HZDS",202540,527450,15,6948,7,12,-5,1,0,0,0,0.4378802,0.875067799674562,3,2,1,2,5,2,5,0.674177363948653,0.674177363948653,0.0142831314409691,8,"HZDS",109480,236360,0,4453,9,11,-2,1,0,0,0,1.670375,0,0,1
277,2002,"Pavol","Kubovic",42,"","Ing.","stavebný inžinier",2,"SDKÚ",433953,869811,28,2594,18,18,0,0,0,0,0,0.0779918,0.959421312632322,0,0,0,0,0,0,0,0.77010115266996,0.804325148646566,0.0116443189837685,18,"SDKÚ",422815,999034,31,2972,7,10,-3,0,0,0,0,0.2130331,0,0,1
277,2006,"Pavol","Kubovič",46,"Bratislava","Ing.","starosta",18,"SDKÚ",422815,999034,31,2972,7,10,-3,0,0,0,0,0.2130331,0.934550714156572,4,3,1,45.6666666666667,0,60,0,0.732176218887483,0.732176218887483,0.24697161453625,15,"SDKÚ",390042,802836,28,1333,20,22,-2,0,0,0,0,1.076596,0,0,1
278,2002,"Jana","Laššáková",50,"","JUDr.","komercná právnicka",5,"Smer",387100,673096,25,3163,25,25,0,0,0,0,0,0.0927159,0.954834156669019,37,6,31,3.66666666666667,4,10,58,0.683028829817821,0.756230308806173,0.111326746647848,19,"Smer",671185,1440267,50,18481,10,12,-2,0,0,0,0,0.2451922,0,0,1
278,2006,"Jana","Laššáková",54,"Vlkanová","JUDr.","poslankyňa NR SR",19,"Smer",671185,1440267,50,18481,10,12,-2,0,0,0,0,0.2451922,0.981739287651419,8,6,2,1.4,1,7,2,0.872653599498017,0.872653599498017,0.00198879045380582,17,"Smer",880111,1919262,62,6770,17,17,0,0,0,0,0,1.991755,0,0,1
279,2002,"Lubomír","Lintner",53,"","0","novinár",17,"ANO",230309,442270,15,71837,2,3,-1,1,1,0,0,0.194928,0.762173606210304,24,21,3,5.33333333333333,2.33333333333333,41,7,0.397366395072817,0.625876417160821,0.13196894848271,,,,,,,,,,,,,,,1,,1
280,2002,"Daniel","Lipšic",29,"","JUDr.","advokát",12,"KDH",237202,523559,15,42727,6,4,2,1,0,0,1,0.2594338,0.348447424135498,7,7,0,6,0,14,0,0.557734314615049,0.673197903014417,0.0206422018348624,6,"KDH",191443,485752,14,86536,3,2,1,1,1,0,1,0.4649928,0,0,1
280,2006,"Daniel","Lipšic",32,"Bratislava","JUDr.","poslanec NR SR",6,"KDH",191443,485752,14,86536,3,2,1,1,1,0,1,0.4649928,0.876514192731875,47,40,7,5.61538461538461,0.75,61,3,0.723919725185319,0.723919725185319,0.287470620141023,13,"KDH",215755,518170,15,75956,3,2,1,1,1,0,1,1.450635,0,0,1
281,2002,"Juraj","Liška",37,"","Ing.","strojný inžinier",2,"SDKÚ",433953,869811,28,2517,13,13,0,0,0,0,0,0.0659131,0.479710656316161,1,1,0,6,0,6,0,0.77010115266996,0.804325148646566,0.0116443189837685,18,"SDKÚ",422815,999034,31,18618,6,7,-1,1,0,0,0,0.1905471,0,0,1
281,2006,"Juraj","Liška",41,"Trenčín","Ing.","poslanec NR SR",18,"SDKÚ",422815,999034,31,18618,6,7,-1,1,0,0,0,0.1905471,0.851383113361056,4,4,0,1,0,1,0,0.732176218887483,0.732176218887483,0.24697161453625,,,,,,,,,,,,,,,1,,1
282,2002,"Lubica","Navrátilová",56,"","Prom. ma","informatik",2,"SDKÚ",433953,869811,28,2215,20,20,0,0,0,0,0,0.0112794,0.76076217360621,77,28,49,3.28571428571429,4.57894736842105,27,53,0.77010115266996,0.804325148646566,0.0116443189837685,11,"SF",79963,158793,0,7393,3,3,0,1,1,0,0,0.1140593,0,1,1
283,2002,"Robert","Nemcsics",40,"","Ing.","manažér",17,"ANO",230309,442270,15,3217,7,7,0,0,0,0,0,0.0529032,0.667254763585039,2,2,0,10,0,10,0,0.397366395072817,0.625876417160821,0.13196894848271,,,,,,,,,,,,,,,1,,1
284,2002,"Karol","Ondriaš",50,"","RNDr., D","vedecký pracovník",10,"KSS",181872,307307,10,11013,5,5,0,0,0,0,0,0.1723056,0.909139026111503,70,42,28,2.19047619047619,4.11111111111111,18,56,0.718772053634439,0.77209284090018,0.18454481298518,16,"KSS",89418,189872,0,15748,3,4,-1,1,1,0,0,0.1721909,0,0,2
285,2002,"Branislav","Opaterný",39,"","RNDr.","konzultant",17,"ANO",230309,442270,15,881,15,15,0,0,0,0,0,0.0980132,0.596153846153846,40,37,3,1.62162162162162,14.5,10,27,0.397366395072817,0.625876417160821,0.13196894848271,11,"SF",79963,158793,0,1308,7,11,-4,0,0,0,0,0.0443147,0,1,1
286,2002,"Pavol","Paška",44,"","Mgr.","súkromný podnikatel",5,"Smer",387100,673096,25,14479,6,6,0,0,0,0,0,0.1530956,0.873853211009174,7,5,2,3.8,0.5,11,1,0.683028829817821,0.756230308806173,0.111326746647848,19,"Smer",671185,1440267,50,106308,3,4,-1,1,1,0,0,0.4744016,0,0,1
286,2006,"Pavol","Paška",48,"Košice","Mgr.","poslanec NR SR",19,"Smer",671185,1440267,50,106308,3,4,-1,1,1,0,0,0.4744016,0.928222744530826,5,5,0,1,0,4,0,0.872653599498017,0.872653599498017,0.00198879045380582,17,"Smer",880111,1919262,62,224332,2,3,-1,1,1,0,0,1.546508,0,0,1
287,2002,"Alojz","Pridal",46,"","Mgr.","jadrový fyzik",12,"KDH",237202,523559,15,1222,15,15,0,0,0,0,0,0.1876445,0.955892731122089,13,7,6,10.1428571428571,3.2,22,14,0.557734314615049,0.673197903014417,0.0206422018348624,6,"KDH",191443,485752,14,2112,11,15,-4,0,0,0,0,0.4587514,0,0,1
288,2002,"Pavol","Rusko",39,"","PhDr.","súkromný podnikatel",17,"ANO",230309,442270,15,121320,1,1,0,1,1,0,0,0.1719762,0.493119266055046,2,2,0,4,0,8,0,0.397366395072817,0.625876417160821,0.13196894848271,8,"ANO",32775,71843,0,10936,4,3,1,1,1,0,1,0.1223946,0,0,1
289,2002,"Viliam","Sobona",54,"","MUDr.","radca riaditela",6,"HZDS",560691,1310310,35,11111,9,9,0,0,0,0,0,0.2193879,0.759527170077629,4,3,1,9.33333333333333,2,21,2,0.432486473770877,0.627355601968387,0.167254763585039,,,,,,,,,,,,,,,1,,1
290,2002,"Jozef","Ševc",54,"","Ing., CS","predseda ÚV KSS",10,"KSS",181872,307307,10,64256,1,1,0,1,1,0,0,0.3698844,0.852858151023289,12,9,3,8.22222222222222,1,11,2,0.718772053634439,0.77209284090018,0.18454481298518,16,"KSS",89418,189872,0,34275,1,1,0,1,1,0,0,0.3051662,0,0,2
291,2002,"Jozef","Šimko",46,"","Ing.","technik",12,"KDH",237202,523559,15,6927,12,12,0,0,0,0,0,0.3217798,0.979004940014114,25,12,13,7.25,2,38,18,0.557734314615049,0.673197903014417,0.0206422018348624,6,"KDH",191443,485752,14,5650,9,13,-4,0,0,0,0,0.3515845,0,0,1
291,2006,"Jozef","Šimko",49,"Stropkov","Ing.","poslanec NR SR",6,"KDH",191443,485752,14,5650,9,13,-4,0,0,0,0,0.3515845,0.915747604411499,15,13,2,15.0769230769231,2,60,4,0.723919725185319,0.723919725185319,0.287470620141023,13,"KDH",215755,518170,15,1661,41,41,0,0,0,0,0,1.599785,0,0,1
292,2002,"Igor","Šulaj",38,"","Ing.","audítor",5,"Smer",387100,673096,25,3410,11,11,0,0,0,0,0,0.1522294,0.912138320395201,69,15,54,1.93333333333333,6.26086956521739,19,73,0.683028829817821,0.756230308806173,0.111326746647848,19,"Smer",671185,1440267,50,33361,5,6,-1,1,0,0,0,0.4318764,0,0,1
293,2002,"Lubomír","Vážny",44,"","Ing.","riaditel",5,"Smer",387100,673096,25,5085,10,10,0,0,0,0,0,0.1603341,0.904199011997177,101,3,98,0,3.78125,0,70,0.683028829817821,0.756230308806173,0.111326746647848,19,"Smer",671185,1440267,50,13786,6,9,-3,0,0,0,0,0.3461454,0,0,1
294,2002,"Viliam","Veteška",49,"","JUDr.","podnikatel",6,"HZDS",560691,1310310,35,12231,10,10,0,0,0,0,0,0.4995706,0.742942836979534,1,1,0,10,0,10,0,0.432486473770877,0.627355601968387,0.167254763585039,14,"HZDS",202540,527450,15,98487,4,2,2,1,1,0,1,0.4172968,0,0,1
294,2006,"Viliam","Veteška",52,"Púchov","JUDr.","podpredseda NR SR",14,"HZDS",202540,527450,15,98487,4,2,2,1,1,0,1,0.4172968,0.429940336286386,0,0,0,0,0,0,0,0.674177363948653,0.674177363948653,0.0142831314409691,,,,,,,,,,,,,,,1,,1
296,2002,"Boris","Zala",47,"","doc., Ph","vysokoškolský ucitel",5,"Smer",387100,673096,25,45628,5,4,1,1,0,0,1,0.1465242,0.847918136908963,5,0,5,0,8,0,8,0.683028829817821,0.756230308806173,0.111326746647848,19,"Smer",671185,1440267,50,46652,18,5,13,1,0,0,1,0.276101,0,0,2
296,2006,"Boris","Zala",51,"Bratislava","doc., PhDr., CSc.","poslanec NR SR",19,"Smer",671185,1440267,50,46652,18,5,13,1,0,0,1,0.276101,0.719942144277707,1,1,0,1,0,1,0,0.872653599498017,0.872653599498017,0.00198879045380582,,,,,,,,,,,,,,,1,,3
297,2002,"Renáta","Zmajkovicová",40,"","0","riaditelka úradu VÚC",5,"Smer",387100,673096,25,5352,12,12,0,0,0,0,0,0.1720229,0.800988002822865,16,7,9,2.57142857142857,7,8,14,0.683028829817821,0.756230308806173,0.111326746647848,19,"Smer",671185,1440267,50,21024,9,7,2,1,0,0,1,0.6193187,0,0,1
297,2006,"Renáta","Zmajkovičová",44,"Trnava","Bc.","poslankyňa NR SR",19,"Smer",671185,1440267,50,21024,9,7,2,1,0,0,1,0.6193187,0.94792984993672,7,7,0,2.2,0,11,0,0.872653599498017,0.872653599498017,0.00198879045380582,17,"Smer",880111,1919262,62,6160,18,18,0,0,0,0,0,1.86066,0,0,1
298,2002,"Samuel","Zubo",53,"","RSDr., C","pedag. pracovník",10,"KSS",181872,307307,10,5951,10,9,1,0,0,0,1,0.3024997,0.876499647141849,17,10,7,8.7,4.83333333333333,23,23,0.718772053634439,0.77209284090018,0.18454481298518,16,"KSS",89418,189872,0,6556,4,6,-2,1,1,0,0,0.2918089,0,0,2
299,2002,"Rudolf","Žiak",47,"","Mgr.","manažér",6,"HZDS",560691,1310310,35,89033,4,4,0,1,1,0,0,0.3634304,0.700070571630205,11,6,5,4.83333333333333,5,23,24,0.432486473770877,0.627355601968387,0.167254763585039,9,"HZD",14728,28810,0,2081,3,2,1,1,1,0,1,0.1822631,0,1,1
300,2002,"Igor","Pinkava",45,"","Ing.","manažér",6,"HZDS",560691,1310310,35,1737,19,19,0,0,0,0,0,0.1616964,0.704834156669019,3,3,0,4.66666666666667,0,11,0,0.432486473770877,0.627355601968387,0.167254763585039,9,"HZD",14728,28810,0,192,8,17,-9,0,0,0,0,0.0301765,0,1,1
301,2002,"Zuzana","Plháková",26,"","Mgr.","právnicka",2,"SDKÚ",433953,869811,28,3910,19,19,0,0,0,0,0,0.0445188,0.868560338743825,6,2,4,6,1,12,1,0.77010115266996,0.804325148646566,0.0116443189837685,,,,,,,,,,,,,,,1,,1
302,2002,"Dana","Podracká",48,"","PhDr.","spisovatelka",6,"HZDS",560691,1310310,35,3768,35,34,1,0,0,0,1,0.0815013,0.815808045165843,26,5,21,4.2,7.92307692307692,18,58,0.432486473770877,0.627355601968387,0.167254763585039,14,"HZDS",202540,527450,15,3383,21,22,-1,0,0,0,0,0.1341023,0,0,1
303,2002,"Ladislav","Polka",50,"","JUDr.","advokát",6,"HZDS",560691,1310310,35,3185,16,16,0,0,0,0,0,0.0922018,0.687896965419901,29,13,16,4.61538461538461,9.63636363636364,29,60,0.432486473770877,0.627355601968387,0.167254763585039,,,,,,,,,,,,,,,1,,1
304,2002,"Jarmila","Tkácová",41,"","Ing.","fytolekár",2,"SDKÚ",433953,869811,28,2833,23,23,0,0,0,0,0,0.2135347,0.981298517995766,14,7,7,5,3.2,28,14,0.77010115266996,0.804325148646566,0.0116443189837685,18,"SDKÚ",422815,999034,31,2981,23,23,0,0,0,0,0,0.2808143,0,0,1
304,2006,"Jarmila","Tkáčová",45,"Košice","Ing.","poslankyňa NR SR",18,"SDKÚ",422815,999034,31,2981,23,23,0,0,0,0,0,0.2808143,0.877418188392696,21,15,6,9.73333333333333,2,60,8,0.732176218887483,0.732176218887483,0.24697161453625,15,"SDKÚ",390042,802836,28,2435,33,33,0,0,0,0,0,0.654332,0,0,1
305,2002,"František","Tóth",39,"","Ing.","riaditel gymnázia",17,"ANO",230309,442270,15,2703,12,12,0,0,0,0,0,0.1044965,0.419724770642202,0,0,0,0,0,0,0,0.397366395072817,0.625876417160821,0.13196894848271,21,"NÁDEJ",14595,25833,0,99,30,31,-1,0,0,0,0,-0.0360733,0,1,1
306,2002,"Tibor","Tóth",44,"","Ing.","elektroinžinier",2,"SDKÚ",433953,869811,28,915,27,27,0,0,0,0,0,0.0785887,0.977064220183486,2,2,0,4.5,0,8,0,0.77010115266996,0.804325148646566,0.0116443189837685,,,,,,,,,,,,,,,1,,1
307,2002,"Milan","Urbáni",58,"","MUDr., C","lekár",6,"HZDS",560691,1310310,35,2942,29,28,1,0,0,0,1,0.2674524,0.816690190543402,7,4,3,6.25,12,20,24,0.432486473770877,0.627355601968387,0.167254763585039,14,"HZDS",202540,527450,15,27433,8,4,4,1,0,0,1,0.2656786,0,0,2
307,2006,"Milan","Urbáni",61,"Banská Bystrica","MUDr., CSc., MPH","poslanec NR SR",14,"HZDS",202540,527450,15,27433,8,4,4,1,0,0,1,0.2656786,0.859519074308443,2,2,0,1,0,2,0,0.674177363948653,0.674177363948653,0.0142831314409691,,,,,,,,,,,,,,,1,,3
308,2002,"Michal","Vajda",46,"","MUDr.","súkr. lekár",10,"KSS",181872,307307,10,16970,4,4,0,0,1,0,0,0.2814482,0.875617501764291,10,9,1,8.22222222222222,24,11,24,0.718772053634439,0.77209284090018,0.18454481298518,16,"KSS",89418,189872,0,542,31,32,-1,0,0,0,0,0.2138629,0,0,1
309,2002,"Ivan","Varga",49,"","Ing.","riaditel",5,"Smer",387100,673096,25,1747,24,24,0,0,0,0,0,0.1991247,0.878969654199012,7,1,6,4,1,4,4,0.683028829817821,0.756230308806173,0.111326746647848,19,"Smer",671185,1440267,50,4314,19,20,-1,0,0,0,0,0.3476206,0,0,1
309,2006,"Ivan","Varga",53,"Hlohovec","Ing.","poslanec NR SR",19,"Smer",671185,1440267,50,4314,19,20,-1,0,0,0,0,0.3476206,0.964563370095823,4,3,1,1,4,2,4,0.872653599498017,0.872653599498017,0.00198879045380582,17,"Smer",880111,1919262,62,1521,55,55,0,0,0,0,0,1.980013,0,0,1
310,2002,"Róbert","Madej",21,"","0","študent",5,"Smer",387100,673096,25,5938,19,19,0,0,0,0,0,0.1512833,0.933839096683133,73,19,54,2.78947368421053,3.14285714285714,19,46,0.683028829817821,0.756230308806173,0.111326746647848,19,"Smer",671185,1440267,50,10933,29,29,0,0,0,0,0,0.3366233,0,0,1
310,2006,"Róbert","Madej",25,"Zvolen","Mgr.","poslanec NR SR",19,"Smer",671185,1440267,50,10933,29,29,0,0,0,0,0,0.3366233,0.981558488519255,15,15,0,1,0,8,0,0.872653599498017,0.872653599498017,0.00198879045380582,17,"Smer",880111,1919262,62,2617,61,61,0,0,0,0,0,1.689773,0,0,1
311,2002,"Zuzana","Martináková",41,"","0","novinárka",2,"SDKÚ",433953,869811,28,62903,5,5,0,1,0,0,0,0.1750874,0.72635850388144,15,13,2,2.84615384615385,3,8,3,0.77010115266996,0.804325148646566,0.0116443189837685,11,"SF",79963,158793,0,45177,1,1,0,1,1,0,0,0.2278376,0,1,1
312,2002,"Libuša","Martinceková",41,"","0","hlavný manager",2,"SDKÚ",433953,869811,28,1916,22,22,0,0,0,0,0,0.0826079,0.969654199011997,2,1,1,7,1,7,1,0.77010115266996,0.804325148646566,0.0116443189837685,,,,,,,,,,,,,,,1,,1
313,2006,"László","Miklós",57,"Bratislava","prof., RNDr., DrSc.","vysokoškolský profesor",10,"SMK",269111,791726,20,13590,13,10,3,1,0,0,1,0.4267159,0.884469354547098,6,5,1,29.6,0,60,0,0.765804857470017,0.765804857470017,0.255107575483638,7,"SMK",109638,309527,0,6581,12,10,2,1,0,0,1,1.01922,0,0,3
314,2006,"Ivan","Mikloš",46,"Bratislava","Ing.","podpredseda vlády SR a minister financií SR",18,"SDKÚ",422815,999034,31,199801,2,2,0,1,1,0,0,0.4804655,0.871813415295607,22,22,0,7.77272727272727,0,60,0,0.732176218887483,0.732176218887483,0.24697161453625,15,"SDKÚ",390042,802836,28,185444,2,2,0,1,1,0,0,1.172543,0,0,1
315,2002,"Ján","Mikolaj",48,"","prof., I","univerzitný profesor",6,"HZDS",560691,1310310,35,14379,6,6,0,0,0,0,0,0.2205702,0.717537050105857,6,1,5,10,16,10,30,0.432486473770877,0.627355601968387,0.167254763585039,20,"SNS",270230,541733,20,15914,6,6,0,1,0,0,0,0.4009521,0,1,2
316,2002,"Ján","Mikuš",50,"","Ing.","riaditel firmy",6,"HZDS",560691,1310310,35,2484,27,26,1,0,0,0,1,0.1202527,0.782639378969654,3,2,1,10.5,1,20,1,0.432486473770877,0.627355601968387,0.167254763585039,,,,,,,,,,,,,,,1,,1
317,2002,"Jozef","Mikuš",42,"","Ing.","technik",2,"SDKÚ",433953,869811,28,7802,6,6,0,0,0,0,0,0.2448667,0.980769230769231,29,2,27,10.5,1.66666666666667,20,19,0.77010115266996,0.804325148646566,0.0116443189837685,18,"SDKÚ",422815,999034,31,7703,13,14,-1,0,0,0,0,0.477514,0,0,1
317,2006,"Jozef","Mikuš",46,"Zvolen","Ing.","poslanec NR SR",18,"SDKÚ",422815,999034,31,7703,13,14,-1,0,0,0,0,0.477514,0.922437172301573,4,4,0,13.25,0,50,0,0.732176218887483,0.732176218887483,0.24697161453625,15,"SDKÚ",390042,802836,28,11022,10,13,-3,0,0,0,0,1.772603,0,0,1
318,2002,"Tibor","Mikuš",49,"","Ing.","generálny riaditel",6,"HZDS",560691,1310310,35,20395,8,8,0,0,0,0,0,0.3578228,0.794107268877911,16,3,13,7,8.2,16,39,0.432486473770877,0.627355601968387,0.167254763585039,14,"HZDS",202540,527450,15,33930,10,3,7,1,0,0,1,0.4428541,0,0,1
318,2006,"Tibor","Mikuš",53,"Trnava","Ing.","poslanec NR SR",14,"HZDS",202540,527450,15,33930,10,3,7,1,0,0,1,0.4428541,0.772012294340987,0,0,0,0,0,0,0,0.674177363948653,0.674177363948653,0.0142831314409691,,,,,,,,,,,,,,,1,,1
319,2002,"Pavol","Minárik",45,"","RNDr.","námestník primátora",12,"KDH",237202,523559,15,10054,4,7,-3,0,1,0,0,0.1583757,0.955363443895554,62,33,29,6.39393939393939,2.93333333333333,63,34,0.557734314615049,0.673197903014417,0.0206422018348624,6,"KDH",191443,485752,14,3283,7,12,-5,0,0,0,0,0.1490571,0,0,1
319,2006,"Pavol","Minárik",48,"Bratislava","RNDr.","poslanec NR SR",6,"KDH",191443,485752,14,3283,7,12,-5,0,0,0,0,0.1490571,0.818477671307178,45,39,6,3.79487179487179,4.75,51,18,0.723919725185319,0.723919725185319,0.287470620141023,,,,,,,,,,,,,,,1,,1
320,2002,"Peter","Miššík",44,"","JUDr.","právnik",2,"SDKÚ",433953,869811,28,3045,12,12,0,0,0,0,0,0.0673787,0.97635850388144,24,7,17,4.28571428571429,2.83333333333333,19,24,0.77010115266996,0.804325148646566,0.0116443189837685,18,"SDKÚ",422815,999034,31,2568,20,20,0,0,0,0,0,0.2438568,0,0,1
320,2006,"Peter","Miššík",48,"Nitra","JUDr.","poslanec NR SR",18,"SDKÚ",422815,999034,31,2568,20,20,0,0,0,0,0,0.2438568,0.922617971433737,21,10,11,9.4,2,55,4,0.732176218887483,0.732176218887483,0.24697161453625,15,"SDKÚ",390042,802836,28,1690,41,41,0,0,0,0,0,1.766904,0,0,1
321,2002,"Karol","Mitrík",55,"","Ing.","polnohosp. inžinier",2,"SDKÚ",433953,869811,28,3244,17,17,0,0,0,0,0,0.195238,0.960832745236415,14,5,9,2.6,2,8,12,0.77010115266996,0.804325148646566,0.0116443189837685,,,,,,,,,,,,,,,1,,1
322,2002,"Dušan","Munko",57,"","Ing.","generálny riaditel",5,"Smer",387100,673096,25,3330,9,9,0,0,0,0,0,0.0765594,0.918136908962597,10,2,8,3.5,1.5,7,6,0.683028829817821,0.756230308806173,0.111326746647848,19,"Smer",671185,1440267,50,1719,23,24,-1,0,0,0,0,-0.0142605,0,0,1
323,2002,"Milan","Murgaš",51,"","doc., In","rektor univerzity",5,"Smer",387100,673096,25,57099,4,3,1,1,1,0,1,0.18858,0.838390966831334,18,5,13,5.4,4,16,16,0.683028829817821,0.756230308806173,0.111326746647848,,,,,,,,,,,,,,,1,,2
324,2002,"Lajos","Ladányi",44,"","0","informatik",11,"SMK",321069,789916,20,1938,22,23,-1,0,0,0,0,0.3216581,0.971418489767114,5,4,1,6.25,1,17,1,0.742781749562763,0.785533373686545,0.0127028934368384,10,"SMK",269111,791726,20,5160,30,31,-1,0,0,0,0,0.368822,0,0,1
325,2002,"Jozef","Hurban",46,"","Ing.","financný riaditel",2,"SDKÚ",433953,869811,28,2561,30,30,0,0,0,0,0,0.2871538,0.766937191249118,34,20,14,3.55,2.08333333333333,41,18,0.77010115266996,0.804325148646566,0.0116443189837685,,,,,,,,,,,,,,,1,,1
326,2002,"Viliam","Novotný",29,"","MUDr.","lekár",2,"SDKÚ",433953,869811,28,2757,34,34,0,0,0,0,0,0.2550058,0.979534227240649,4,2,2,6,30,11,30,0.77010115266996,0.804325148646566,0.0116443189837685,18,"SDKÚ",422815,999034,31,5411,26,26,0,0,0,0,0,0.3051578,0,0,1
326,2006,"Viliam","Novotný",33,"Košice","MUDr.","lekár",18,"SDKÚ",422815,999034,31,5411,26,26,0,0,0,0,0,0.3051578,0.933827517627915,17,10,7,7.4,4.66666666666667,58,23,0.732176218887483,0.732176218887483,0.24697161453625,15,"SDKÚ",390042,802836,28,14472,6,8,-2,1,0,0,0,0.829827,0,0,1
327,2002,"Ján","Pataky",47,"","JUDr.","komercný právnik",2,"SDKÚ",433953,869811,28,1760,39,39,0,0,0,0,0,0.500146,0.963126323218066,12,8,4,4.875,3.66666666666667,24,11,0.77010115266996,0.804325148646566,0.0116443189837685,18,"SDKÚ",422815,999034,31,3197,28,28,0,0,0,0,0,0.4479613,0,0,1
327,2006,"Ján","Pataky",51,"Hertník","JUDr.","poslanec NR SR",18,"SDKÚ",422815,999034,31,3197,28,28,0,0,0,0,0,0.4479613,0.870186223106129,1,1,0,50,0,50,0,0.732176218887483,0.732176218887483,0.24697161453625,,,,,,,,,,,,,,,1,,1
328,2002,"Petra","Masácová",28,"","Mgr.","tlmocnícka, preklada",2,"SDKÚ",433953,869811,28,1331,31,31,0,0,0,0,0,0.0452795,0.934368383909668,1,1,0,2,0,2,0,0.77010115266996,0.804325148646566,0.0116443189837685,18,"SDKÚ",422815,999034,31,1647,34,34,0,0,0,0,0,0.0311195,0,0,1
329,2002,"Vladimír","Horák",46,"","Ing.","strojný inžinier",2,"SDKÚ",433953,869811,28,1083,33,33,0,0,0,0,0,0.4792865,0.966654904728299,22,2,20,6,1.92307692307692,12,21,0.77010115266996,0.804325148646566,0.0116443189837685,18,"SDKÚ",422815,999034,31,195,73,73,0,0,0,0,0,0.2986322,0,0,1
331,2002,"Jozef","Miklušicák",47,"","Mgr.","geológ",12,"KDH",237202,523559,15,4457,16,16,0,0,0,0,0,0.7281138,0.959597741707833,49,7,42,9.14285714285714,2.16666666666667,27,20,0.557734314615049,0.673197903014417,0.0206422018348624,6,"KDH",191443,485752,14,3237,13,17,-4,0,0,0,0,0.7135493,0,0,1
332,2002,"Mária","Majdová",29,"","Bc.","zdravotná sestra",12,"KDH",237202,523559,15,4068,19,19,0,0,0,0,0,0.0473828,0.936309103740296,23,3,20,5.33333333333333,7.18181818181818,14,57,0.557734314615049,0.673197903014417,0.0206422018348624,6,"KDH",191443,485752,14,5181,17,21,-4,0,0,0,0,0.1380461,0,0,1
334,2002,"Vlastimil","Ondrejka",49,"","JUDr.","právnik",17,"ANO",230309,442270,15,1418,38,38,0,0,0,0,0,0.2726314,0.766231474947071,9,4,5,3,2.33333333333333,8,6,0.397366395072817,0.625876417160821,0.13196894848271,8,"ANO",32775,71843,0,1369,8,7,1,1,0,0,1,0.1838017,0,0,1
335,2002,"Imrich","Hamarcák",47,"","Ing.","štátny zamestnanec",17,"ANO",230309,442270,15,803,29,29,0,0,0,0,0,0.2674885,0.781933662667608,22,12,10,3,4.375,27,32,0.397366395072817,0.625876417160821,0.13196894848271,,,,,,,,,,,,,,,1,,1
336,2002,"Peter","Biroš",52,"","MUDr.","lekár",17,"ANO",230309,442270,15,4106,21,21,0,0,0,0,0,0.2915097,0.784932956951306,13,10,3,5.1,1.33333333333333,22,4,0.397366395072817,0.625876417160821,0.13196894848271,,,,,,,,,,,,,,,1,,1
337,2002,"István","Pásztor",45,"","Ing.","elektroinžinier",11,"SMK",321069,789916,20,5404,25,25,0,0,0,0,0,0.7498236,0.952893436838391,0,0,0,0,0,0,0,0.742781749562763,0.785533373686545,0.0127028934368384,10,"SMK",269111,791726,20,10125,16,16,0,1,0,0,0,0.8057772,0,0,1
337,2006,"István","Pásztor",49,"Kráľovský Chlmec","Ing.","elektroinžinier",10,"SMK",269111,791726,20,10125,16,16,0,1,0,0,0,0.8057772,0.910685228710902,6,3,3,36,0,59,0,0.765804857470017,0.765804857470017,0.255107575483638,7,"SMK",109638,309527,0,6313,10,11,-1,1,0,0,0,0.7892889,0,0,1
338,2002,"János","Szigeti",49,"","0","ekonóm",11,"SMK",321069,789916,20,4542,24,24,0,0,0,0,0,0.5103255,0.9742413549753,0,0,0,0,0,0,0,0.742781749562763,0.785533373686545,0.0127028934368384,10,"SMK",269111,791726,20,10240,23,15,8,1,0,1,1,0.6671003,0,0,1
338,2006,"János","Szigeti",53,"Búč","","starosta",10,"SMK",269111,791726,20,10240,23,15,8,1,0,1,1,0.6671003,0.954619417826794,4,4,0,36.5,0,60,0,0.765804857470017,0.765804857470017,0.255107575483638,,,,,,,,,,,,,,,1,,0
339,2002,"Kamila","Jandzíková",38,"","Mgr.","manažérka",17,"ANO",230309,442270,15,1987,23,23,0,0,0,0,0,0.1657941,0.506527875793931,1,1,0,6,0,6,0,0.397366395072817,0.625876417160821,0.13196894848271,,,,,,,,,,,,,,,1,,1
340,2002,"Iveta","Henzélyová",39,"","Mgr.","pedagogicka",17,"ANO",230309,442270,15,3065,22,22,0,0,0,0,0,0.1486464,0.826570218772054,2,2,0,4.5,0,9,0,0.397366395072817,0.625876417160821,0.13196894848271,,,,,,,,,,,,,,,1,,1
624,2002,"Ján","Bielik",47,"","doc., MU","lekár",12,"KDH",237202,523559,15,2530,24,24,0,0,0,0,0,0.178038,0.620501058574453,4,1,3,14,0.666666666666667,14,2,0.557734314615049,0.673197903014417,0.0206422018348624,,,,,,,,,,,,,,,1,,2
633,2002,"Viktor","Béreš",25,"","Ing.","manažér",17,"ANO",230309,442270,15,421,66,66,0,0,0,0,0,0.1948597,0.670430486944248,2,0,2,0,5,0,5,0.397366395072817,0.625876417160821,0.13196894848271,,,,,,,,,,,,,,,1,,1
634,2002,"Ján","Dlhopolcek",50,"","PhDr.","obchodný manažér",6,"HZDS",560691,1310310,35,1596,45,44,1,0,0,0,1,0.2310216,0.763408609738885,2,2,0,6.5,0,13,0,0.432486473770877,0.627355601968387,0.167254763585039,14,"HZDS",202540,527450,15,1242,35,35,0,0,0,0,0,0.434204,0,0,1
635,2002,"Stanislav","Kahanec",48,"","Ing.","strojný inžinier",12,"KDH",237202,523559,15,3973,45,45,0,0,0,0,0,0.5326017,0.690543401552576,1,1,0,14,0,14,0,0.557734314615049,0.673197903014417,0.0206422018348624,6,"KDH",191443,485752,14,5889,22,11,11,1,0,1,1,0.5820062,0,0,1
635,2006,"Stanislav","Kahanec",51,"Prešov","Ing.","zástupca riaditeľa obchodnej spoločnosti",6,"KDH",191443,485752,14,5889,22,11,11,1,0,1,1,0.5820062,0.885192551075755,12,10,2,15.5,10.5,59,21,0.723919725185319,0.723919725185319,0.287470620141023,13,"KDH",215755,518170,15,5722,31,31,0,0,0,0,0,2.101317,0,0,1
636,2002,"Jaroslav","Ivanco",31,"","Mgr.","ucitel",2,"SDKÚ",433953,869811,28,791,56,56,0,0,0,0,0,0.3454627,0.645201129146083,6,3,3,6.66666666666667,15.5,10,30,0.77010115266996,0.804325148646566,0.0116443189837685,18,"SDKÚ",422815,999034,31,1867,31,31,0,0,0,0,0,0.4874606,0,0,1
636,2006,"Jaroslav","Ivančo",35,"Svidník","Mgr.","poslanec NR SR",18,"SDKÚ",422815,999034,31,1867,31,31,0,0,0,0,0,0.4874606,0.892966913758814,15,8,7,13.125,4.75,59,14,0.732176218887483,0.732176218887483,0.24697161453625,15,"SDKÚ",390042,802836,28,3858,14,17,-3,0,0,0,0,1.350044,0,0,1
637,2002,"György","Juhász",32,"","PaedDr.","vysokoškolský ucitel",11,"SMK",321069,789916,20,2956,27,27,0,0,0,0,0,0.0635139,0.643966125617502,2,0,2,0,2,0,2,0.742781749562763,0.785533373686545,0.0127028934368384,10,"SMK",269111,791726,20,4792,19,21,-2,0,0,0,0,0.2012279,0,0,1
637,2006,"György","Juhász",36,"Tvrdošovce","PaedDr., PhD.","vysokoškolský učiteľ",10,"SMK",269111,791726,20,4792,19,21,-2,0,0,0,0,0.2012279,0.858615078647623,6,3,3,36,9,59,17,0.765804857470017,0.765804857470017,0.255107575483638,,,,,,,,,,,,,,,1,,2
638,2002,"Peter","Oremus",52,"","Ing.","manažér",5,"Smer",387100,673096,25,3069,28,28,0,0,0,0,0,0.2787736,0.630204657727593,7,0,7,0,8,0,22,0.683028829817821,0.756230308806173,0.111326746647848,,,,,,,,,,,,,,,1,,1
639,2002,"Stanislav","Kropilák",47,"","0","športový manažér",17,"ANO",230309,442270,15,5098,18,18,0,0,0,0,0,0.0970267,0.468595624558927,0,0,0,0,0,0,0,0.397366395072817,0.625876417160821,0.13196894848271,,,,,,,,,,,,,,,1,,1
640,2002,"Pál","Keszegh",54,"","Ing.","chemický inžinier",11,"SMK",321069,789916,20,3671,28,28,0,0,0,0,0,0.1591589,0.4484827099506,1,1,0,9,0,9,0,0.742781749562763,0.785533373686545,0.0127028934368384,10,"SMK",269111,791726,20,2162,60,60,0,0,0,0,0,0.6349357,0,0,1
641,2002,"Jana","Štefanková",49,"","JUDr.","riaditelka DSS",6,"HZDS",560691,1310310,35,1933,38,37,1,0,0,0,1,0.1411052,0.541460832745236,0,0,0,0,0,0,0,0.432486473770877,0.627355601968387,0.167254763585039,14,"HZDS",202540,527450,15,1245,27,28,-1,0,0,0,0,-0.0148531,0,0,1
642,2002,"Pavol","Kuljacek",51,"","Ing.","stavebný inžinier",17,"ANO",230309,442270,15,544,19,19,0,0,0,0,0,0.0225145,0.410374029640085,1,1,0,9,0,9,0,0.397366395072817,0.625876417160821,0.13196894848271,,,,,,,,,,,,,,,1,,1
643,2002,"Marián","Záhumenský",38,"","Ing.","polnohospodársky man",5,"Smer",387100,673096,25,2787,27,27,0,0,0,0,0,0.0812107,0.376676076217361,1,0,1,0,0,0,0,0.683028829817821,0.756230308806173,0.111326746647848,19,"Smer",671185,1440267,50,4048,33,33,0,0,0,0,0,0.2368966,0,0,1
643,2006,"Marián","Záhumenský",42,"Dvory nad Žitavou","Ing.","poľnohospodársky manažér",19,"Smer",671185,1440267,50,4048,33,33,0,0,0,0,0,0.2368966,0.923521967094558,11,9,2,1.42857142857143,2,7,4,0.872653599498017,0.872653599498017,0.00198879045380582,17,"Smer",880111,1919262,62,1605,62,62,0,0,0,0,0,1.182648,0,0,1
644,2006,"Imre","Andruskó",37,"Komárno","Mgr.","pedagóg",10,"SMK",269111,791726,20,11110,37,14,23,1,0,1,1,0.65422,0.927861146266498,6,3,3,35,2.5,59,4,0.765804857470017,0.765804857470017,0.255107575483638,7,"SMK",109638,309527,0,5982,35,12,23,1,0,0,1,1.078763,0,0,1
645,2006,"Milada","Belásová",45,"Považská Bystrica","","marketingová manažérka",20,"SNS",270230,541733,20,4960,20,20,0,0,0,0,0,0.5242444,0.942867474236124,4,4,0,7.33333333333333,0,18,0,0.748056409329235,0.748056409329235,0.00705116615440246,10,"SNS",128490,265742,9,2827,14,15,-1,0,0,0,0,1.772052,0,0,0
646,2006,"Ágnes","Biró",48,"Šaľa","PaedDr.","pedagóg",10,"SMK",269111,791726,20,5616,15,20,-5,0,0,0,0,0.4108666,0.903272464292171,10,1,9,0,6,0,27,0.765804857470017,0.765804857470017,0.255107575483638,7,"SMK",109638,309527,0,8783,7,7,0,1,0,0,0,0.7077452,0,0,1
647,2006,"Katarína","Cibulková",44,"Piešťany","JUDr.","advokátka",18,"SDKÚ",422815,999034,31,2855,19,19,0,0,0,0,0,0.1375638,0.942505875971795,12,9,3,10.8888888888889,8.5,56,17,0.732176218887483,0.732176218887483,0.24697161453625,15,"SDKÚ",390042,802836,28,4830,27,28,-1,0,0,0,0,1.521317,0,0,1
648,2006,"Ján","Čech",54,"Pezinok","Ing.","manažér",19,"Smer",671185,1440267,50,1416,42,42,0,0,0,0,0,0.4195516,0.992225637316941,2,1,1,2,4,2,4,0.872653599498017,0.872653599498017,0.00198879045380582,17,"Smer",880111,1919262,62,300,97,97,0,0,0,0,0,1.369845,0,0,1
649,2006,"Marta","Damborská",54,"Zlaté Moravce","","riaditeľka domova sociálnych služieb",20,"SNS",270230,541733,20,6511,10,11,-1,0,0,0,0,0.3516363,0.936901102874706,3,3,0,7,0,21,0,0.748056409329235,0.748056409329235,0.00705116615440246,,,,,,,,,,,,,,,1,,0
650,2006,"Peter","Dubravay",61,"Kysucké Nové Mesto","PhDr.","stredoškolský učiteľ",20,"SNS",270230,541733,20,3096,16,17,-1,0,0,0,0,0.5047293,0.917193997468812,4,2,2,9.5,0,18,0,0.748056409329235,0.748056409329235,0.00705116615440246,10,"SNS",128490,265742,9,1251,18,19,-1,0,0,0,0,1.386148,0,0,1
651,2006,"Jozef","Ďuračka",50,"Trnava","Ing.","ekonóm",20,"SNS",270230,541733,20,5017,15,16,-1,0,0,0,0,0.4507654,0.85590309166516,5,5,0,4.4,0,21,0,0.748056409329235,0.748056409329235,0.00705116615440246,10,"SNS",128490,265742,9,2833,12,13,-1,0,0,0,0,1.678001,0,0,1
652,2006,"Pavol","Džurina",46,"Sobrance","Ing.","živnostník",14,"HZDS",202540,527450,15,3261,9,14,-5,0,0,0,0,0.6669004,0.958054601337914,1,1,0,1,0,1,0,0.674177363948653,0.674177363948653,0.0142831314409691,8,"HZDS",109480,236360,0,3343,14,15,-1,1,0,0,0,1.01433,0,0,1
653,2006,"Martin","Fedor",32,"Trenčianske Teplice","Mgr., MEconSc","minister obrany SR",18,"SDKÚ",422815,999034,31,8675,17,17,0,0,0,0,0,0.1718112,0.898933285120231,4,4,0,22,0,56,0,0.732176218887483,0.732176218887483,0.24697161453625,15,"SDKÚ",390042,802836,28,14259,7,9,-2,1,0,0,0,1.454196,0,0,2
654,2006,"Pavol","Frešo",37,"Bratislava","Ing., Bc.","informatik - ekonóm",18,"SDKÚ",422815,999034,31,2340,27,27,0,0,0,0,0,0.1318964,0.901283673838366,17,15,2,10.6666666666667,1.5,61,3,0.732176218887483,0.732176218887483,0.24697161453625,,,,,,,,,,,,,,,1,,2
655,2006,"Peter","Gabura",49,"Svätý Jur","Bc.","šéfredaktor, manažér",6,"KDH",191443,485752,14,8527,77,9,68,1,0,1,1,0.0894586,0.721569336467185,25,24,1,0,0,0,0,0.723919725185319,0.723919725185319,0.287470620141023,,,,,,,,,,,,,,,1,,1
656,2006,"Dušan","Galis",56,"Bratislava","Mgr.","futbalový tréner",19,"Smer",671185,1440267,50,13546,30,30,0,0,0,0,0,0.2260828,0.951003435183511,0,0,0,0,0,0,0,0.872653599498017,0.872653599498017,0.00198879045380582,17,"Smer",880111,1919262,62,5380,31,31,0,0,0,0,0,1.245709,0,0,1
657,2006,"Monika","Gibalová",46,"Svit","PhDr., Mgr., PhD.","riaditeľka služieb Spišskej katolíckej charity",6,"KDH",191443,485752,14,6485,33,10,23,1,0,1,1,0.3546869,0.897306092930754,36,32,4,6.8125,3.25,60,12,0.723919725185319,0.723919725185319,0.287470620141023,13,"KDH",215755,518170,15,5620,17,18,-1,0,0,0,0,1.405757,0,0,3
658,2006,"Tibor","Glenda",50,"Alekšince","","manažér",19,"Smer",671185,1440267,50,3088,16,18,-2,0,0,0,0,0.4384918,0.982281685047912,3,3,0,2.33333333333333,0,5,0,0.872653599498017,0.872653599498017,0.00198879045380582,17,"Smer",880111,1919262,62,3569,21,21,0,0,0,0,0,1.512609,0,0,0
660,2006,"Jozef","Halecký",55,"Bardejov","MUDr.","lekársky riaditeľ a. s.",14,"HZDS",202540,527450,15,3807,6,13,-7,0,0,0,0,0.567217,0.918097993129633,0,0,0,0,0,0,0,0.674177363948653,0.674177363948653,0.0142831314409691,8,"HZDS",109480,236360,0,5569,17,9,8,1,0,0,1,1.482521,0,0,1
661,2006,"Juraj","Horváth",40,"Bratislava","JUDr.","asistent poslanca NR SR",19,"Smer",671185,1440267,50,1126,44,44,0,0,0,0,0,0.0443559,0.930392334116796,1,0,1,0,1,0,1,0.872653599498017,0.872653599498017,0.00198879045380582,,,,,,,,,,,,,,,1,,1
662,2006,"Sergej","Chelemendik",48,"Bratislava","","šéfredaktor",20,"SNS",270230,541733,20,7635,7,8,-1,0,0,0,0,0.1166115,0.764237931657928,1,1,0,18,0,18,0,0.748056409329235,0.748056409329235,0.00705116615440246,,,,,,,,,,,,,,,1,,0
663,2006,"Vladimír","Jánoš",37,"Prievidza","PaedDr.","manažér",19,"Smer",671185,1440267,50,4790,48,48,0,0,0,0,0,0.7491477,0.990779244259628,5,5,0,0,0,0,0,0.872653599498017,0.872653599498017,0.00198879045380582,17,"Smer",880111,1919262,62,2048,40,40,0,0,0,0,0,1.349377,0,0,1
664,2006,"Miroslav","Jureňa",52,"Gbely","Ing.","súkromný podnikateľ",14,"HZDS",202540,527450,15,1849,12,15,-3,0,0,0,0,0.4551103,0.681251129994576,10,10,0,0.5,0,4,0,0.674177363948653,0.674177363948653,0.0142831314409691,8,"HZDS",109480,236360,0,9953,11,5,6,1,0,0,1,1.361807,0,0,1
666,2006,"Anton","Korba",50,"Pavlovce","Ing.","súkromný podnikateľ",20,"SNS",270230,541733,20,5468,8,9,-1,0,0,0,0,0.4573582,0.947568251672392,1,1,0,18,0,18,0,0.748056409329235,0.748056409329235,0.00705116615440246,,,,,,,,,,,,,,,1,,1
667,2006,"Zdenka","Kramplová",48,"Bratislava","Ing.","ústredná tajomníčka HZDS",14,"HZDS",202540,527450,15,12326,11,9,2,1,0,0,1,0.1977293,0.817573675646357,8,8,0,1.25,0,6,0,0.674177363948653,0.674177363948653,0.0142831314409691,,,,,,,,,,,,,,,1,,1
668,2006,"Stanislav","Kubánek",54,"Veľký Šariš","","elektrotechnik",19,"Smer",671185,1440267,50,8216,12,14,-2,0,0,0,0,0.4465801,0.983908877237389,0,0,0,0,0,0,0,0.872653599498017,0.872653599498017,0.00198879045380582,17,"Smer",880111,1919262,62,5583,19,19,0,0,0,0,0,2.092739,0,0,0
669,2006,"Martin","Kuruc",32,"Bratislava","Ing.","prednosta Obvodného úradu Bratislava",18,"SDKÚ",422815,999034,31,1168,29,29,0,0,0,0,0,0.0860992,0.822997649611282,6,6,0,0.8,0,1,0,0.732176218887483,0.732176218887483,0.24697161453625,2,"Únia",17741,34510,0,574,11,8,3,1,0,0,1,1.027402,0,1,1
670,2006,"Štefan","Kužma",48,"Prešov","Ing.","štátny tajomník MVaRR SR",18,"SDKÚ",422815,999034,31,4412,22,22,0,0,0,0,0,0.1226204,0.909962032182245,11,11,0,9.72727272727273,0,59,0,0.732176218887483,0.732176218887483,0.24697161453625,15,"SDKÚ",390042,802836,28,5644,16,19,-3,0,0,0,0,2.132416,0,0,1
671,2006,"Ján","Kvorka",51,"Blatnica","","asistent obchodného riaditeľa",19,"Smer",671185,1440267,50,1605,50,50,0,0,0,0,0,0.4943895,0.984632073766046,3,3,0,0,0,0,0,0.872653599498017,0.872653599498017,0.00198879045380582,17,"Smer",880111,1919262,62,577,67,67,0,0,0,0,0,1.337533,0,0,0
673,2006,"Mojmír","Mamojka",55,"Bratislava","prof., JUDr., CSc.","vysokoškolský učiteľ",19,"Smer",671185,1440267,50,3540,45,45,0,0,0,0,0,0.1427767,0.911589224371723,13,13,0,1,0,6,0,0.872653599498017,0.872653599498017,0.00198879045380582,17,"Smer",880111,1919262,62,1890,33,33,0,0,0,0,0,0.947936,0,0,3
674,2006,"Peter","Markovič",27,"Dolný Kubín","Mgr.","štátny zamestnanec",18,"SDKÚ",422815,999034,31,2385,25,25,0,0,0,0,0,0.5063708,0.932561923702766,12,11,1,14.4545454545455,7,66,7,0.732176218887483,0.732176218887483,0.24697161453625,15,"SDKÚ",390042,802836,28,2537,21,23,-2,0,0,0,0,1.44988,0,0,1
675,2006,"Ľuboš","Martinák",47,"Medzilaborce","Ing.","učiteľ",19,"Smer",671185,1440267,50,6281,39,39,0,0,0,0,0,0.6460391,0.990236846863135,0,0,0,0,0,0,0,0.872653599498017,0.872653599498017,0.00198879045380582,17,"Smer",880111,1919262,62,2857,46,46,0,0,0,0,0,1.218556,0,0,1
676,2006,"Vladimír","Matejička",50,"Komárno","","technik",19,"Smer",671185,1440267,50,1615,43,43,0,0,0,0,0,0.2469312,0.98264328331224,0,0,0,0,0,0,0,0.872653599498017,0.872653599498017,0.00198879045380582,17,"Smer",880111,1919262,62,1232,43,43,0,0,0,0,0,1.240938,0,0,0
677,2006,"Ľuboš","Micheľ",38,"Prešov","Mgr.","futbalový rozhodca",18,"SDKÚ",422815,999034,31,24508,11,6,5,1,0,0,1,0.3604952,0.676369553426144,2,1,1,3,13,3,13,0.732176218887483,0.732176218887483,0.24697161453625,,,,,,,,,,,,,,,1,,1
679,2006,"Oľga","Nachtmannová",42,"Bratislava","Mgr.","vysokoškolská učiteľka",19,"Smer",671185,1440267,50,5549,37,37,0,0,0,0,0,0.0603273,0.990417645995299,8,2,6,1,3.16666666666667,2,12,0.872653599498017,0.872653599498017,0.00198879045380582,17,"Smer",880111,1919262,62,1491,63,63,0,0,0,0,0,0.911884,0,0,1
680,2006,"Martin","Pado",47,"Michalovce","Ing.","minister vnútra SR",18,"SDKÚ",422815,999034,31,6346,9,12,-3,0,0,0,0,0.4072151,0.885554149340083,21,10,11,19.7142857142857,4.33333333333333,60,10,0.732176218887483,0.732176218887483,0.24697161453625,15,"SDKÚ",390042,802836,28,4227,17,20,-3,0,0,0,0,1.299771,0,0,1
681,2006,"Pavol","Pavlis",45,"Bratislava","Ing.","riaditeľ spoločnosti",19,"Smer",671185,1440267,50,1250,15,17,-2,0,0,0,0,0.0796154,0.953534623033809,6,5,1,1.8,3,5,3,0.872653599498017,0.872653599498017,0.00198879045380582,17,"Smer",880111,1919262,62,867,27,27,0,0,0,0,0,0.8214555,0,0,1
682,2006,"Peter","Pelegrini",30,"Banská Bystrica","Ing.","asistent poslanca NR SR",19,"Smer",671185,1440267,50,2665,27,28,-1,0,0,0,0,0.2520145,0.985716868559031,11,3,8,2,3,4,10,0.872653599498017,0.872653599498017,0.00198879045380582,17,"Smer",880111,1919262,62,2745,34,34,0,0,0,0,0,2.146129,0,0,1
683,2006,"Ľubomír","Petrák",44,"Hurbanova Ves","Ing., CSc.","starosta",19,"Smer",671185,1440267,50,1765,40,40,0,0,0,0,0,0.2199876,0.983185680708733,4,2,2,2,1,4,2,0.872653599498017,0.872653599498017,0.00198879045380582,17,"Smer",880111,1919262,62,1019,44,44,0,0,0,0,0,1.07786,0,0,2
685,2006,"Ján","Podmanický",29,"Stará Bystrica","PhDr.","starosta obce",19,"Smer",671185,1440267,50,8831,17,19,-2,0,0,0,0,0.5227014,0.944133068161273,3,2,1,1.5,0,2,0,0.872653599498017,0.872653599498017,0.00198879045380582,17,"Smer",880111,1919262,62,8325,24,24,0,0,0,0,0,0.9497613,0,0,1
686,2006,"Rudolf","Pučík",49,"Senec","JUDr.","advokát",20,"SNS",270230,541733,20,22046,3,3,0,1,1,0,0,0.2266444,0.941963478575303,17,16,1,3.5,7,25,7,0.748056409329235,0.748056409329235,0.00705116615440246,10,"SNS",128490,265742,9,8928,4,5,-1,1,1,0,0,1.365194,0,0,1
687,2006,"Iveta","Radičová",49,"Nová Dedinka","prof., Ph.D.","sociologička",18,"SDKÚ",422815,999034,31,205538,3,1,2,1,1,0,1,0.4804713,0.782498644006509,17,10,7,7.9,4.83333333333333,52,25,0.732176218887483,0.732176218887483,0.24697161453625,15,"SDKÚ",390042,802836,28,223760,1,1,0,1,1,0,0,1.193893,0,0,2
688,2006,"Rafael","Rafaj",46,"Bratislava","Mgr.","hovorca",20,"SNS",270230,541733,20,3090,12,13,-1,0,0,0,0,0.1294664,0.967094557946122,25,19,6,3.125,2.5,28,14,0.748056409329235,0.748056409329235,0.00705116615440246,10,"SNS",128490,265742,9,20318,7,4,3,1,0,0,1,1.703952,0,0,1
689,2006,"Ján","Richter",49,"Nitra","Bc.","manažér",19,"Smer",671185,1440267,50,5317,34,34,0,0,0,0,0,0.3778039,0.96745615621045,9,6,3,1.5,4.33333333333333,5,13,0.872653599498017,0.872653599498017,0.00198879045380582,17,"Smer",880111,1919262,62,5176,14,14,0,0,0,0,0,1.643352,0,0,1
690,2006,"Ján","Zvonár",54,"Bratislava","doc., MUDr., CSc.","lekár",19,"Smer",671185,1440267,50,2068,46,46,0,0,0,0,0,0.0766414,0.978665702404628,5,4,1,3.5,1,12,1,0.872653599498017,0.872653599498017,0.00198879045380582,17,"Smer",880111,1919262,62,294,68,68,0,0,0,0,0,0.6307227,0,0,3
692,2006,"Lucia","Žitňanská",42,"Bratislava","doc., JUDr., PhD.","ministerka spravodlivosti SR",18,"SDKÚ",422815,999034,31,16573,12,8,4,1,0,0,1,0.22753,0.896944494666426,26,20,6,6.2,6.66666666666667,58,19,0.732176218887483,0.732176218887483,0.24697161453625,15,"SDKÚ",390042,802836,28,74099,3,3,0,1,1,0,0,1.002117,0,0,3
693,2006,"Tatiana","Rosová",44,"Bratislava","PhDr.","sociologička",18,"SDKÚ",422815,999034,31,2984,16,16,0,0,0,0,0,0.06933,0.907792442596276,42,20,22,7.84210526315789,5.11111111111111,60,31,0.732176218887483,0.732176218887483,0.24697161453625,15,"SDKÚ",390042,802836,28,3643,26,27,-1,0,0,0,0,0.5930873,0,0,1
694,2006,"Jozef","Rydlo",57,"Bratislava","prof., Dr.","vysokoškolský učiteľ",20,"SNS",270230,541733,20,4867,11,12,-1,0,0,0,0,0.1159715,0.893147712890978,4,4,0,6.25,0,18,0,0.748056409329235,0.748056409329235,0.00705116615440246,,,,,,,,,,,,,,,1,,2
695,2006,"Beata","Sániová",58,"Martin","doc., MUDr., PhD.","prednostka kliniky",14,"HZDS",202540,527450,15,15266,2,8,-6,1,1,0,0,0.2806146,0.897306092930754,1,1,0,10,0,10,0,0.674177363948653,0.674177363948653,0.0142831314409691,,,,,,,,,,,,,,,1,,3
696,2006,"Ján","Senko",47,"Očová","PhDr.","riadiaci pracovník",19,"Smer",671185,1440267,50,2439,49,49,0,0,0,0,0,0.0733491,0.986440065087688,2,2,0,0,0,0,0,0.872653599498017,0.872653599498017,0.00198879045380582,17,"Smer",880111,1919262,62,1411,54,54,0,0,0,0,0,1.488814,0,0,1
697,2006,"Zsolt","Simon",35,"Padarovce","Ing.","poľnohospodár",10,"SMK",269111,791726,20,32765,10,6,4,1,0,0,1,0.7550023,0.889350931115531,30,5,25,12.2,2.1,52,19,0.765804857470017,0.765804857470017,0.255107575483638,18,"MOST-HÍD",205538,506726,14,56001,2,2,0,1,1,0,0,1.099666,0,1,1
698,2006,"Ján","Slabý",53,"Trebišov","","obchodný zástupca",20,"SNS",270230,541733,20,3103,14,15,-1,0,0,0,0,0.3267225,0.796962574579642,4,3,1,2.66666666666667,0,5,0,0.748056409329235,0.748056409329235,0.00705116615440246,10,"SNS",128490,265742,9,1548,10,11,-1,0,0,0,0,1.240098,0,0,0
699,2006,"Monika","Smolková",49,"Košice","Mgr.","zástupkyňa starostu",19,"Smer",671185,1440267,50,10340,36,36,0,0,0,0,0,0.3725077,0.808714518170313,2,1,1,2,7,2,7,0.872653599498017,0.872653599498017,0.00198879045380582,,,,,,,,,,,,,,,1,,1
700,2006,"Anna","Szögedi",56,"Tornaľa","","pedagóg",10,"SMK",269111,791726,20,9479,17,17,0,1,0,0,0,0.6886411,0.931477128909781,4,4,0,26.75,0,62,0,0.765804857470017,0.765804857470017,0.255107575483638,7,"SMK",109638,309527,0,4587,11,16,-5,1,0,0,0,1.3564,0,0,0
701,2006,"Ivan","Šaško",59,"Tvrdošín","Ing.","primátor",20,"SNS",270230,541733,20,6639,9,10,-1,0,0,0,0,0.5835607,0.973603326704032,3,3,0,9.33333333333333,0,25,0,0.748056409329235,0.748056409329235,0.00705116615440246,10,"SNS",128490,265742,9,2512,9,10,-1,0,0,0,0,1.22387,0,0,1
702,2006,"Ivan","Štefanec",44,"Bratislava","Ing., MBA, PhD.","splnomocnenec vlády SR",18,"SDKÚ",422815,999034,31,4485,8,11,-3,0,0,0,0,0.106221,0.921171578376424,30,24,6,6.91666666666667,6.8,60,29,0.732176218887483,0.732176218887483,0.24697161453625,15,"SDKÚ",390042,802836,28,8546,12,15,-3,0,0,0,0,0.8659319,0,0,3
703,2006,"Valentín","Švidroň",57,"Košice","RNDr., CSc.","odborný radca",20,"SNS",270230,541733,20,2576,18,19,-1,0,0,0,0,0.1814349,0.968360151871271,3,2,1,11,4,18,4,0.748056409329235,0.748056409329235,0.00705116615440246,,,,,,,,,,,,,,,1,,2
705,2006,"Jozef","Valocký",49,"Galanta","MUDr.","riaditeľ",19,"Smer",671185,1440267,50,1220,47,47,0,0,0,0,0,0.3889744,0.977580907611644,12,10,2,2.4,4,11,8,0.872653599498017,0.872653599498017,0.00198879045380582,17,"Smer",880111,1919262,62,2081,35,35,0,0,0,0,0,1.361579,0,0,1
706,2006,"Magdaléna","Vášáryová",57,"Bratislava","Mgr.","štátna tajomníčka MZV SR",18,"SDKÚ",422815,999034,31,39317,14,5,9,1,0,0,1,0.3389835,0.87325980835292,12,5,7,28.8,3.4,60,17,0.732176218887483,0.732176218887483,0.24697161453625,15,"SDKÚ",390042,802836,28,32787,23,4,19,1,0,0,1,1.072858,0,0,1
707,2006,"Emil","Vestenický",57,"Trenčín","Ing., genmjr. v. v.","dôchodca",20,"SNS",270230,541733,20,3648,13,14,-1,0,0,0,0,0.1217712,0.964563370095823,4,4,0,5.75,0,18,0,0.748056409329235,0.748056409329235,0.00705116615440246,,,,,,,,,,,,,,,1,,2
708,2006,"Ján","Golian",56,"Detva","PhDr.","štátny tajomník MP SR",18,"SDKÚ",422815,999034,31,2034,32,32,0,0,0,0,0,0.1969032,0.571506056770927,3,3,0,13.3333333333333,0,38,0,0.732176218887483,0.732176218887483,0.24697161453625,15,"SDKÚ",390042,802836,28,2079,15,18,-3,0,0,0,0,1.506496,0,0,1
718,2006,"Peter","Obrimčák",45,"Stropkov","MUDr.","lekár",19,"Smer",671185,1440267,50,5047,51,51,0,0,0,0,0,0.6794307,0.995299222563732,1,1,0,10,0,10,0,0.872653599498017,0.872653599498017,0.00198879045380582,,,,,,,,,,,,,,,1,,1
719,2006,"Ľubica","Rošková",51,"Michalovce","PhDr.","psychologička",19,"Smer",671185,1440267,50,5488,52,52,0,0,0,0,0,0.513931,0.978665702404628,1,0,1,0,0,0,0,0.872653599498017,0.872653599498017,0.00198879045380582,17,"Smer",880111,1919262,62,5097,51,51,0,0,0,0,0,1.313147,0,0,1
720,2006,"Magda","Košútová",50,"Trenčín","Ing.","predsedníčka poľnohospodárskeho družstva",19,"Smer",671185,1440267,50,4571,53,53,0,0,0,0,0,0.3508809,0.955523413487615,5,3,2,2.33333333333333,0.5,4,1,0.872653599498017,0.872653599498017,0.00198879045380582,17,"Smer",880111,1919262,62,4510,22,22,0,0,0,0,0,2.017066,0,0,1
721,2006,"Viliam","Jasaň",53,"Bratislava","RSDr.","manažér",19,"Smer",671185,1440267,50,1071,54,54,0,0,0,0,0,0.0735901,0.989694449466643,8,8,0,1.4,0,6,0,0.872653599498017,0.872653599498017,0.00198879045380582,17,"Smer",880111,1919262,62,991,56,56,0,0,0,0,0,0.787311,0,0,1
723,2006,"Branislav","Bačík",37,"Žilina","Ing.","štátny zamestnanec",19,"Smer",671185,1440267,50,5469,57,57,0,0,0,0,0,0.6391484,0.986440065087688,6,6,0,0.666666666666667,0,2,0,0.872653599498017,0.872653599498017,0.00198879045380582,17,"Smer",880111,1919262,62,1341,65,65,0,0,0,0,0,2.931868,0,0,1
724,2006,"Marián","Haľko",61,"Prešov","","konateľ s. r. o.",14,"HZDS",202540,527450,15,3256,14,16,-2,0,0,0,0,0.2911648,0.822455252214789,0,0,0,0,0,0,0,0.674177363948653,0.674177363948653,0.0142831314409691,8,"HZDS",109480,236360,0,3616,22,14,8,1,0,0,1,1.394617,0,0,0
725,2006,"Jozef","Líška",68,"Ružiná","","dôchodca",20,"SNS",270230,541733,20,2303,21,21,0,0,0,0,0,0.3229324,0.868559030916652,1,1,0,18,0,18,0,0.748056409329235,0.748056409329235,0.00705116615440246,1,"EDS",10332,16715,0,210,21,20,1,0,0,0,1,1.858687,0,1,0
726,2006,"Mikuláš","Krajkovič",38,"Vápeník","","starosta",19,"Smer",671185,1440267,50,1722,58,58,0,0,0,0,0,0.7918571,0.990598445127463,1,0,1,0,4,0,4,0.872653599498017,0.872653599498017,0.00198879045380582,17,"Smer",880111,1919262,62,3010,47,47,0,0,0,0,0,1.277341,0,0,0
729,2006,"Tibor","Lebocký",42,"Budča","Ing.","lesný inžinier",19,"Smer",671185,1440267,50,2311,56,56,0,0,0,0,0,0.3616653,0.975049719761345,6,4,2,1.5,0.5,4,1,0.872653599498017,0.872653599498017,0.00198879045380582,17,"Smer",880111,1919262,62,1461,73,73,0,0,0,0,0,1.466162,0,0,1
730,2006,"Emília","Müllerová",52,"Kremnica","MUDr.","lekárka",19,"Smer",671185,1440267,50,2641,59,59,0,0,0,0,0,0.4731237,0.982281685047912,0,0,0,0,0,0,0,0.872653599498017,0.872653599498017,0.00198879045380582,17,"Smer",880111,1919262,62,472,69,69,0,0,0,0,0,1.241299,0,0,1
731,2006,"Marián","Kovačócy",47,"Trnava","Ing.","manažér",19,"Smer",671185,1440267,50,1391,60,60,0,0,0,0,0,0.4422335,0.98047369372627,8,7,1,1,7,3,7,0.872653599498017,0.872653599498017,0.00198879045380582,17,"Smer",880111,1919262,62,1141,58,58,0,0,0,0,0,1.915135,0,0,1
732,2006,"Jana","Vaľová",40,"Humenné","","odborná pracovníčka",19,"Smer",671185,1440267,50,6935,61,61,0,0,0,0,0,0.4786627,0.93274272283493,7,6,1,0,1,0,1,0.872653599498017,0.872653599498017,0.00198879045380582,17,"Smer",880111,1919262,62,9170,57,57,0,0,0,0,0,1.373997,0,0,0
733,2006,"Michal","Lukša",44,"Snina","","živnostník",19,"Smer",671185,1440267,50,2246,62,62,0,0,0,0,0,0.6372223,0.975230518893509,4,0,4,0,4.5,0,15,0.872653599498017,0.872653599498017,0.00198879045380582,,,,,,,,,,,,,,,1,,0
734,2006,"Viera","Mazúrová",45,"Oravská Lesná","Bc.","manažérka",19,"Smer",671185,1440267,50,3244,63,63,0,0,0,0,0,0.59164,0.995118423431568,1,1,0,2,0,2,0,0.872653599498017,0.872653599498017,0.00198879045380582,17,"Smer",880111,1919262,62,2568,85,85,0,0,0,0,0,0.6534113,0,0,1
735,2006,"Ján","Babič",51,"Rakovnica","Ing.","štátny úradník",19,"Smer",671185,1440267,50,1682,64,64,0,0,0,0,0,0.5397128,0.96745615621045,1,1,0,1,0,1,0,0.872653599498017,0.872653599498017,0.00198879045380582,17,"Smer",880111,1919262,62,678,72,72,0,0,0,0,0,0.9213977,0,0,1
736,2006,"Anton","Bobrík",52,"Kopčany","Ing.","prednosta MÚ",19,"Smer",671185,1440267,50,947,65,65,0,0,0,0,0,0.5504169,0.950641836919183,1,1,0,10,0,10,0,0.872653599498017,0.872653599498017,0.00198879045380582,17,"Smer",880111,1919262,62,260,89,89,0,0,0,0,0,1.138353,0,0,1
737,2006,"Lea","Grečková",45,"Smižany","Mgr.","manažérka",19,"Smer",671185,1440267,50,2112,66,66,0,0,0,0,0,0.4714141,0.994395226902911,1,1,0,1,0,1,0,0.872653599498017,0.872653599498017,0.00198879045380582,17,"Smer",880111,1919262,62,3127,64,64,0,0,0,0,0,1.377117,0,0,1
738,2006,"Pavol","Goga",42,"Topoľčany","PaedDr.","učiteľ",19,"Smer",671185,1440267,50,2696,68,68,0,0,0,0,0,0.6367133,0.980654492858434,1,0,1,0,2,0,2,0.872653599498017,0.872653599498017,0.00198879045380582,17,"Smer",880111,1919262,62,2647,41,41,0,0,0,0,0,1.084584,0,0,1
739,2006,"Ján","Chrbet",42,"Očová","Ing.","obchodný riaditeľ",20,"SNS",270230,541733,20,2610,23,23,0,0,0,0,0,0.2471091,0.805098535527029,4,4,0,6.5,0,20,0,0.748056409329235,0.748056409329235,0.00705116615440246,10,"SNS",128490,265742,9,1675,11,12,-1,0,0,0,0,1.525995,0,0,1
